-- phpMyAdmin SQL Dump
-- version 4.9.4
-- https://www.phpmyadmin.net/
--
-- Host: localhost:3306
-- Generation Time: Oct 30, 2020 at 11:33 PM
-- Server version: 5.6.49-cll-lve
-- PHP Version: 7.3.6

SET SQL_MODE = "NO_AUTO_VALUE_ON_ZERO";
SET AUTOCOMMIT = 0;
START TRANSACTION;
SET time_zone = "+00:00";


/*!40101 SET @OLD_CHARACTER_SET_CLIENT=@@CHARACTER_SET_CLIENT */;
/*!40101 SET @OLD_CHARACTER_SET_RESULTS=@@CHARACTER_SET_RESULTS */;
/*!40101 SET @OLD_COLLATION_CONNECTION=@@COLLATION_CONNECTION */;
/*!40101 SET NAMES utf8mb4 */;

--
-- Database: `type_journal`
--

-- --------------------------------------------------------

--
-- Table structure for table `track_locations`
--

CREATE TABLE `track_locations` (
  `id` int(11) NOT NULL,
  `type_id` int(11) NOT NULL,
  `lat` decimal(9,6) NOT NULL,
  `lng` decimal(9,6) NOT NULL,
  `note` text NOT NULL,
  `img` varchar(256) NOT NULL,
  `icon` varchar(256) NOT NULL,
  `application` varchar(64) NOT NULL,
  `date_create` date NOT NULL
) ENGINE=MyISAM DEFAULT CHARSET=latin1;

--
-- Dumping data for table `track_locations`
--

INSERT INTO `track_locations` (`id`, `type_id`, `lat`, `lng`, `note`, `img`, `icon`, `application`, `date_create`) VALUES
(1, 10, 37.784656, -122.514856, 'Non labore duis fugiat consectetur dolor magna aute. Voluptate eu anim minim nulla dolor commodo id eiusmod amet reprehenderit cillum. Reprehenderit minim sit nulla aliqua sit ut laborum nulla anim.', 'https://via.placeholder.com/400/912/fff/?text=location1', 'images/Location Icon.png', 'book cover', '2020-07-18'),
(2, 36, 37.672572, -122.517494, 'Lorem quis do dolor sint mollit proident cupidatat cupidatat ut. Occaecat cillum nisi ex sit adipisicing nostrud culpa. Amet labore nostrud nostrud reprehenderit ad amet dolor.', 'https://via.placeholder.com/400/700/fff/?text=location2', 'images/Location Icon.png', 'poster', '2020-08-17'),
(3, 40, 37.792147, -122.514335, 'Laborum deserunt adipisicing consequat ea consequat velit cillum cupidatat. Enim dolore duis ut sint non commodo mollit velit do mollit ad aliqua qui tempor. Officia fugiat laborum veniam laboris eiusmod sunt ad excepteur dolore consectetur sunt culpa tempor ut.', 'https://via.placeholder.com/400/799/fff/?text=location3', 'images/Location Icon.png', 'packaging', '2020-08-03'),
(4, 49, 37.705937, -122.516354, 'Cupidatat adipisicing minim id ullamco sunt eiusmod qui duis consequat in mollit nulla aliquip. Elit exercitation proident sint velit. Velit ipsum Lorem ut officia incididunt irure mollit pariatur.', 'https://via.placeholder.com/400/899/fff/?text=location4', 'images/Location Icon.png', 'digital ad', '2020-05-30'),
(5, 31, 37.656570, -122.515686, 'In voluptate laborum reprehenderit occaecat. Et ut ipsum consequat consequat deserunt. Esse ipsum qui cupidatat non ipsum sint anim irure ex velit et enim non occaecat.', 'https://via.placeholder.com/400/921/fff/?text=location5', 'images/Location Icon.png', 'sign', '2020-01-17'),
(6, 40, 37.739141, -122.518242, 'Sunt proident laborum Lorem in laboris irure voluptate. Sunt nostrud officia tempor culpa duis consequat officia ad Lorem voluptate dolore cupidatat culpa adipisicing. Voluptate do ad ipsum officia ullamco est consequat sint.', 'https://via.placeholder.com/400/719/fff/?text=location6', 'images/Location Icon.png', 'billboard', '2020-10-17'),
(7, 25, 37.786088, -122.516911, 'Adipisicing occaecat mollit aute nulla est exercitation eu dolore minim ipsum. Pariatur exercitation enim sit non ipsum dolore excepteur deserunt exercitation nostrud. Incididunt irure anim ea dolore excepteur Lorem incididunt Lorem.', 'https://via.placeholder.com/400/787/fff/?text=location7', 'images/Location Icon.png', 'sign', '2020-02-02'),
(8, 1, 37.666338, -122.514301, 'Dolor dolor aute ullamco proident ea. Nisi aliquip cupidatat do exercitation eiusmod dolor amet et et qui veniam quis cillum ipsum. Esse enim reprehenderit elit labore officia ad dolor ullamco sint elit aliqua irure labore quis.', 'https://via.placeholder.com/400/722/fff/?text=location8', 'images/Location Icon.png', 'digital ad', '2020-05-28'),
(9, 16, 37.645308, -122.513823, 'Culpa ullamco et proident ipsum voluptate reprehenderit exercitation. Labore id magna et do cillum pariatur magna ex irure aute. Veniam proident commodo quis nulla occaecat enim id mollit.', 'https://via.placeholder.com/400/732/fff/?text=location9', 'images/Location Icon.png', 'packaging', '2020-02-09'),
(10, 12, 37.738370, -122.513812, 'Magna irure esse aute duis exercitation laborum velit laboris occaecat commodo deserunt labore ea cillum. Duis sunt amet adipisicing commodo dolore labore elit. Ex consectetur in et nostrud laborum amet amet id cupidatat ullamco consequat minim dolore.', 'https://via.placeholder.com/400/902/fff/?text=location10', 'images/Location Icon.png', 'poster', '2020-03-15'),
(11, 10, 37.712877, -122.518784, 'Minim ea commodo ipsum id qui eu eu commodo culpa deserunt laborum voluptate dolor. Laboris culpa tempor ex nostrud eu consectetur in. In cupidatat mollit qui irure Lorem commodo.', 'https://via.placeholder.com/400/768/fff/?text=location11', 'images/Location Icon.png', 'sign', '2020-06-18'),
(12, 8, 37.771264, -122.514833, 'Nostrud in excepteur ipsum deserunt esse esse elit occaecat. Sint consectetur consectetur qui sunt nulla mollit ex incididunt culpa id aute ut sint cupidatat. Consequat irure non pariatur exercitation velit amet.', 'https://via.placeholder.com/400/777/fff/?text=location12', 'images/Location Icon.png', 'digital ad', '2020-04-23'),
(13, 35, 37.792775, -122.516730, 'Proident do eu occaecat amet duis quis deserunt velit minim enim. Est non laboris quis ex ad aliquip amet excepteur est dolore eiusmod excepteur qui. Nostrud adipisicing ex in elit pariatur incididunt sit eiusmod excepteur laboris irure occaecat culpa.', 'https://via.placeholder.com/400/873/fff/?text=location13', 'images/Location Icon.png', 'book cover', '2020-06-23'),
(14, 45, 37.646176, -122.517069, 'Qui commodo ex deserunt eu do sunt esse enim ex amet. Esse laborum aute occaecat ex labore fugiat. Deserunt ad tempor mollit fugiat est Lorem qui nisi qui.', 'https://via.placeholder.com/400/846/fff/?text=location14', 'images/Location Icon.png', 'sign', '2020-01-28'),
(15, 43, 37.674442, -122.518086, 'Adipisicing deserunt anim occaecat sit velit dolore dolor excepteur. Laborum cillum duis quis Lorem ipsum tempor mollit. Reprehenderit deserunt sunt duis eu eu sit voluptate commodo et nostrud.', 'https://via.placeholder.com/400/885/fff/?text=location15', 'images/Location Icon.png', 'sign', '2020-04-13'),
(16, 20, 37.648667, -122.514367, 'Irure fugiat elit qui magna est sit ea magna ipsum excepteur sunt aliqua anim. Magna deserunt do incididunt voluptate minim sit nostrud ex ipsum veniam reprehenderit exercitation. Ad ea est velit deserunt cillum et mollit non adipisicing ea proident.', 'https://via.placeholder.com/400/781/fff/?text=location16', 'images/Location Icon.png', 'book cover', '2020-07-05'),
(17, 9, 37.612475, -122.517737, 'Ea culpa ut sit velit ullamco adipisicing labore ad. Mollit fugiat veniam proident sint do sint deserunt. Non aliquip ipsum laboris exercitation tempor est.', 'https://via.placeholder.com/400/732/fff/?text=location17', 'images/Location Icon.png', 'book cover', '2020-08-06'),
(18, 47, 37.748505, -122.514335, 'Ex adipisicing sit excepteur consequat elit dolor reprehenderit esse sit irure irure. In exercitation sunt irure dolor deserunt adipisicing sint fugiat mollit labore officia consectetur labore. In fugiat occaecat aute consectetur dolor sint dolore duis voluptate nisi.', 'https://via.placeholder.com/400/963/fff/?text=location18', 'images/Location Icon.png', 'book cover', '2020-08-27'),
(19, 27, 37.703174, -122.513891, 'Esse officia minim nulla mollit magna cillum labore laborum occaecat dolore Lorem consequat culpa. Esse voluptate sit quis enim adipisicing eiusmod sit. Adipisicing Lorem nulla magna incididunt commodo sunt ipsum duis veniam voluptate laboris quis.', 'https://via.placeholder.com/400/758/fff/?text=location19', 'images/Location Icon.png', 'billboard', '2020-02-09'),
(20, 3, 37.680729, -122.515193, 'Ullamco proident nulla do laboris excepteur sit ullamco fugiat aliqua officia ex anim nisi dolor. Velit est officia eiusmod id amet in dolor ullamco non elit id mollit ipsum cillum. Esse enim cupidatat ad id labore anim tempor do velit duis eu.', 'https://via.placeholder.com/400/921/fff/?text=location20', 'images/Location Icon.png', 'packaging', '2020-07-08'),
(21, 45, 37.737969, -122.516439, 'In sunt tempor ad et magna. Aute laborum aliqua eu ex est est amet fugiat duis. Aute Lorem voluptate sint laboris consequat laborum anim consectetur reprehenderit ea velit amet ipsum.', 'https://via.placeholder.com/400/911/fff/?text=location21', 'images/Location Icon.png', 'packaging', '2020-05-12'),
(22, 20, 37.681862, -122.518524, 'Aliquip quis irure magna minim amet ea pariatur nulla exercitation exercitation dolore. Elit duis commodo labore Lorem consectetur ut veniam. Incididunt cillum eiusmod sit labore.', 'https://via.placeholder.com/400/778/fff/?text=location22', 'images/Location Icon.png', 'sign', '2020-09-07'),
(23, 23, 37.715391, -122.518819, 'Amet quis dolore non mollit duis ut dolor eu sit. Nostrud fugiat nulla voluptate labore aute cupidatat voluptate sint duis veniam occaecat ullamco. Cupidatat exercitation aliqua ex Lorem duis excepteur eu cupidatat elit reprehenderit nisi duis dolore elit.', 'https://via.placeholder.com/400/836/fff/?text=location23', 'images/Location Icon.png', 'poster', '2020-09-16'),
(24, 47, 37.719043, -122.515232, 'Consequat ullamco laborum dolore aliquip dolore aliqua tempor sint et ad. Minim duis mollit exercitation cupidatat pariatur laboris eu velit ut. Minim commodo minim non quis in est nostrud qui incididunt anim ad velit consectetur occaecat.', 'https://via.placeholder.com/400/898/fff/?text=location24', 'images/Location Icon.png', 'packaging', '2020-01-05'),
(25, 13, 37.662919, -122.516427, 'Et cillum sunt exercitation nostrud occaecat fugiat sit amet officia et esse cupidatat cupidatat esse. Pariatur cillum eiusmod nulla ex voluptate eu dolor. Dolore sunt elit do quis adipisicing labore veniam mollit.', 'https://via.placeholder.com/400/814/fff/?text=location25', 'images/Location Icon.png', 'billboard', '2020-05-09'),
(26, 5, 37.752892, -122.514384, 'Culpa quis sit nostrud exercitation cillum consectetur do non excepteur cupidatat commodo. Culpa proident id consequat laborum laboris labore irure minim dolor anim est. Velit occaecat cillum fugiat elit aliquip sit excepteur dolor reprehenderit esse deserunt qui aliqua.', 'https://via.placeholder.com/400/740/fff/?text=location26', 'images/Location Icon.png', 'book cover', '2020-06-19'),
(27, 15, 37.724626, -122.515620, 'Ullamco dolore aliquip nisi aliquip labore incididunt non est cupidatat cillum velit. Cupidatat non ut nulla culpa qui anim officia occaecat aliqua non exercitation. Irure quis velit velit incididunt est laborum quis.', 'https://via.placeholder.com/400/857/fff/?text=location27', 'images/Location Icon.png', 'book cover', '2020-04-28'),
(28, 32, 37.771291, -122.517320, 'Commodo sint Lorem sint tempor anim esse sit. Veniam esse ex eu proident dolore occaecat magna ipsum esse incididunt laborum. Ea sit irure irure et commodo elit mollit nostrud cillum ex Lorem est labore.', 'https://via.placeholder.com/400/989/fff/?text=location28', 'images/Location Icon.png', 'poster', '2020-07-31'),
(29, 10, 37.746373, -122.515951, 'Exercitation non aute ut pariatur veniam tempor ipsum. Velit amet incididunt cupidatat laborum aute non officia culpa ad quis. Excepteur sunt amet voluptate ex.', 'https://via.placeholder.com/400/795/fff/?text=location29', 'images/Location Icon.png', 'packaging', '2020-09-07'),
(30, 17, 37.710450, -122.514376, 'Ipsum consectetur minim pariatur eu. Veniam nisi velit elit qui anim incididunt amet. Qui elit amet do ipsum.', 'https://via.placeholder.com/400/813/fff/?text=location30', 'images/Location Icon.png', 'digital ad', '2020-05-28'),
(31, 2, 37.616774, -122.513885, 'Cupidatat laboris in amet duis. Consectetur eiusmod incididunt ea aute esse cillum tempor nisi laborum elit cupidatat deserunt. Occaecat sunt id exercitation tempor commodo.', 'https://via.placeholder.com/400/752/fff/?text=location31', 'images/Location Icon.png', 'digital ad', '2020-07-30'),
(32, 49, 37.760168, -122.516443, 'Tempor cupidatat ipsum do irure dolor do sint laborum consequat amet exercitation et veniam anim. Ad tempor aliquip et nisi. Non elit cupidatat adipisicing et consequat dolor culpa aliqua eu eu ut commodo aliqua nostrud.', 'https://via.placeholder.com/400/878/fff/?text=location32', 'images/Location Icon.png', 'poster', '2020-06-01'),
(33, 2, 37.746909, -122.514068, 'Eu voluptate nostrud aliquip do tempor voluptate eu id reprehenderit eu. Minim minim fugiat nostrud est do aute nisi do quis consequat sint. Dolore est reprehenderit labore tempor eiusmod culpa.', 'https://via.placeholder.com/400/957/fff/?text=location33', 'images/Location Icon.png', 'billboard', '2020-09-19'),
(34, 4, 37.617083, -122.518619, 'Veniam aute nostrud sunt cillum ut culpa cupidatat cillum esse excepteur fugiat laboris occaecat. Dolor nulla aliquip ea eiusmod eiusmod do. Veniam ad mollit minim esse est.', 'https://via.placeholder.com/400/721/fff/?text=location34', 'images/Location Icon.png', 'poster', '2020-02-18'),
(35, 29, 37.648917, -122.515410, 'Fugiat reprehenderit exercitation sunt officia sunt aliqua reprehenderit ad est ea. Officia veniam adipisicing ut eiusmod id laboris magna nulla consectetur. Est aute enim velit velit proident non elit.', 'https://via.placeholder.com/400/978/fff/?text=location35', 'images/Location Icon.png', 'sign', '2020-10-15'),
(36, 29, 37.725257, -122.517854, 'Quis deserunt excepteur quis commodo laborum occaecat labore est exercitation. Officia excepteur magna laboris proident enim mollit voluptate aute labore. Sunt esse ad deserunt tempor.', 'https://via.placeholder.com/400/833/fff/?text=location36', 'images/Location Icon.png', 'book cover', '2020-07-28'),
(37, 48, 37.686391, -122.513928, 'Cupidatat id aliqua commodo veniam culpa amet. Duis dolor cillum amet ex dolore ipsum magna qui nisi magna ipsum aliquip et. Id dolor excepteur enim aute fugiat dolore do non excepteur ex nulla magna deserunt officia.', 'https://via.placeholder.com/400/919/fff/?text=location37', 'images/Location Icon.png', 'sign', '2020-01-07'),
(38, 24, 37.658375, -122.515259, 'Magna reprehenderit ex culpa aute laboris non culpa. Et mollit officia ut laborum nulla dolor magna culpa. Commodo mollit sint aliqua eu pariatur occaecat velit eu qui anim consequat.', 'https://via.placeholder.com/400/828/fff/?text=location38', 'images/Location Icon.png', 'sign', '2020-06-14'),
(39, 40, 37.635485, -122.517649, 'Pariatur quis excepteur et aliquip adipisicing ad sint non elit. Incididunt cupidatat cillum consectetur dolore fugiat et duis dolore cupidatat tempor nostrud proident ex. Ipsum do elit nulla qui labore nisi fugiat sunt ut.', 'https://via.placeholder.com/400/873/fff/?text=location39', 'images/Location Icon.png', 'sign', '2020-10-02'),
(40, 45, 37.728000, -122.514048, 'Veniam amet aliqua dolore consequat. Ullamco esse exercitation elit et fugiat elit velit nulla ea. Enim voluptate aliqua culpa non officia dolor commodo magna.', 'https://via.placeholder.com/400/732/fff/?text=location40', 'images/Location Icon.png', 'billboard', '2020-03-30'),
(41, 36, 37.755236, -122.515950, 'Anim enim officia aliquip exercitation adipisicing. Est magna est sit aliqua reprehenderit aliquip. Laborum et anim officia id laboris cillum ad dolore enim ea minim.', 'https://via.placeholder.com/400/890/fff/?text=location41', 'images/Location Icon.png', 'packaging', '2020-08-25'),
(42, 48, 37.703358, -122.518398, 'Labore voluptate minim anim laborum veniam sunt sunt ea culpa et id nostrud. Amet exercitation nisi consequat excepteur cillum amet nulla anim fugiat dolore. Minim irure qui magna eiusmod nostrud in ut dolor non aliqua ea est nisi.', 'https://via.placeholder.com/400/897/fff/?text=location42', 'images/Location Icon.png', 'digital ad', '2020-07-05'),
(43, 49, 37.765699, -122.515809, 'Ad id consequat officia ut elit adipisicing nisi magna ullamco. Anim qui irure Lorem duis ea dolore anim veniam dolore aliquip commodo ullamco. Mollit do quis velit proident dolore esse anim nulla commodo Lorem non ex.', 'https://via.placeholder.com/400/949/fff/?text=location43', 'images/Location Icon.png', 'packaging', '2020-10-10'),
(44, 49, 37.709270, -122.516365, 'Anim velit dolor aute ipsum minim amet. In Lorem pariatur fugiat minim tempor excepteur proident laboris magna dolor eiusmod. Cillum proident aliquip officia sint id ex ipsum reprehenderit aute esse cupidatat sint.', 'https://via.placeholder.com/400/820/fff/?text=location44', 'images/Location Icon.png', 'digital ad', '2020-05-14'),
(45, 4, 37.738114, -122.515524, 'Eiusmod culpa quis ad eu in sint pariatur. Commodo nostrud sit elit non aliquip commodo ad proident. Sint sint voluptate cupidatat aute ut eiusmod enim eiusmod nisi est adipisicing.', 'https://via.placeholder.com/400/948/fff/?text=location45', 'images/Location Icon.png', 'billboard', '2020-10-03'),
(46, 2, 37.738210, -122.516986, 'Pariatur sunt consequat voluptate sunt ea pariatur enim consequat non ullamco nostrud labore cupidatat adipisicing. Eiusmod non mollit ipsum tempor sunt. Cupidatat fugiat tempor aliquip amet et reprehenderit irure ut sint enim esse.', 'https://via.placeholder.com/400/860/fff/?text=location46', 'images/Location Icon.png', 'packaging', '2020-10-11'),
(47, 15, 37.635659, -122.515422, 'Quis ullamco nisi et Lorem. Exercitation aliquip commodo velit nisi incididunt sit eiusmod. Laboris et cillum amet exercitation non nisi sint et enim.', 'https://via.placeholder.com/400/730/fff/?text=location47', 'images/Location Icon.png', 'sign', '2020-01-12'),
(48, 23, 37.694770, -122.516530, 'Ea aute tempor ut enim in ea consequat elit ullamco velit ea elit. Laboris irure deserunt in cupidatat ipsum reprehenderit consectetur quis sunt veniam voluptate sit laboris. Eu nostrud Lorem id consectetur consequat nisi.', 'https://via.placeholder.com/400/924/fff/?text=location48', 'images/Location Icon.png', 'digital ad', '2020-10-27'),
(49, 42, 37.621033, -122.518845, 'Elit reprehenderit reprehenderit non deserunt ea ut excepteur Lorem laborum. Dolor incididunt excepteur esse nostrud commodo. Consectetur quis occaecat ut veniam elit adipisicing amet.', 'https://via.placeholder.com/400/892/fff/?text=location49', 'images/Location Icon.png', 'poster', '2020-08-23'),
(50, 20, 37.668680, -122.518687, 'Pariatur laboris nostrud excepteur ut tempor ex irure. Aute deserunt ut aliqua ipsum sunt dolore. Tempor ex tempor minim id consectetur proident magna officia incididunt velit aute incididunt.', 'https://via.placeholder.com/400/900/fff/?text=location50', 'images/Location Icon.png', 'poster', '2020-08-09'),
(51, 13, 37.734857, -122.513932, 'Minim labore mollit incididunt enim non veniam ullamco irure ad. In aliqua amet tempor mollit aliquip laborum velit officia ullamco cillum est. Occaecat do Lorem pariatur exercitation nulla cillum cillum ullamco dolore mollit reprehenderit qui ad Lorem.', 'https://via.placeholder.com/400/810/fff/?text=location51', 'images/Location Icon.png', 'sign', '2020-07-16'),
(52, 10, 37.682311, -122.516187, 'Magna mollit aute ut incididunt culpa nisi. Ipsum minim cillum consectetur ex cillum nostrud pariatur id ipsum labore incididunt. Ullamco laborum et in ipsum sint anim tempor duis aliquip occaecat.', 'https://via.placeholder.com/400/756/fff/?text=location52', 'images/Location Icon.png', 'billboard', '2020-10-09'),
(53, 7, 37.664145, -122.514762, 'Ullamco dolore irure ad laboris ad mollit. Do nostrud culpa proident ut. Qui nostrud et consequat voluptate eu dolore sint.', 'https://via.placeholder.com/400/896/fff/?text=location53', 'images/Location Icon.png', 'digital ad', '2020-07-13'),
(54, 47, 37.725846, -122.514454, 'Officia consectetur veniam in amet. Amet duis mollit non anim labore. Id consequat qui pariatur labore officia excepteur irure ut ipsum laborum ad aliquip Lorem.', 'https://via.placeholder.com/400/866/fff/?text=location54', 'images/Location Icon.png', 'book cover', '2020-04-27'),
(55, 3, 37.665406, -122.514992, 'Eiusmod fugiat excepteur excepteur incididunt qui irure enim fugiat ipsum. Irure laborum sint magna labore mollit ea. Est sit sint consectetur reprehenderit culpa proident amet.', 'https://via.placeholder.com/400/766/fff/?text=location55', 'images/Location Icon.png', 'sign', '2020-03-19'),
(56, 1, 37.649701, -122.516462, 'Sint duis nostrud mollit commodo consectetur consequat eiusmod laboris irure veniam. Reprehenderit irure cupidatat laboris sit adipisicing reprehenderit aliquip laboris. Incididunt cupidatat amet ullamco nostrud adipisicing laboris consectetur.', 'https://via.placeholder.com/400/945/fff/?text=location56', 'images/Location Icon.png', 'sign', '2020-02-06'),
(57, 20, 37.784975, -122.517454, 'Nostrud excepteur qui voluptate magna. Officia esse pariatur dolor nisi culpa pariatur qui ullamco mollit consequat sint ut. Anim do dolor aliquip anim consectetur sint ea.', 'https://via.placeholder.com/400/701/fff/?text=location57', 'images/Location Icon.png', 'digital ad', '2020-09-04'),
(58, 34, 37.734457, -122.514257, 'Aliqua ea fugiat in cupidatat minim dolor tempor ipsum ex ullamco velit ea pariatur eu. Labore officia voluptate sit anim est duis cupidatat tempor Lorem. Aliqua laborum sint pariatur exercitation mollit adipisicing anim pariatur est et magna laboris consectetur.', 'https://via.placeholder.com/400/717/fff/?text=location58', 'images/Location Icon.png', 'packaging', '2020-04-12'),
(59, 11, 37.648310, -122.517867, 'Ex id eiusmod magna excepteur culpa dolor quis ut pariatur cillum. Cillum sint sint aliqua nulla deserunt in fugiat cupidatat adipisicing. Consectetur non aliqua deserunt cillum proident anim eu et est.', 'https://via.placeholder.com/400/884/fff/?text=location59', 'images/Location Icon.png', 'book cover', '2020-06-18'),
(60, 31, 37.769504, -122.518216, 'Eiusmod cillum labore dolore voluptate cillum fugiat Lorem tempor commodo aute laborum aute. Quis velit eiusmod culpa consectetur aliqua incididunt est proident do ea ullamco sint veniam eu. Non mollit dolore ea aliquip ad nulla sint consectetur nostrud elit est nisi id anim.', 'https://via.placeholder.com/400/740/fff/?text=location60', 'images/Location Icon.png', 'packaging', '2020-04-17'),
(61, 8, 37.635109, -122.514635, 'Consequat ullamco Lorem enim voluptate dolor dolore ut aliqua enim sit. Deserunt eiusmod irure laboris aliqua cupidatat aliquip nisi qui laborum quis labore nisi dolor deserunt. Qui esse et dolor cupidatat ipsum culpa nisi cillum.', 'https://via.placeholder.com/400/957/fff/?text=location61', 'images/Location Icon.png', 'book cover', '2020-07-02'),
(62, 35, 37.753871, -122.516183, 'Sunt ad eiusmod sunt nulla qui fugiat incididunt minim. Qui aute sit aute labore do magna. Aute occaecat duis deserunt voluptate sit laboris sint nulla nulla veniam.', 'https://via.placeholder.com/400/836/fff/?text=location62', 'images/Location Icon.png', 'digital ad', '2020-09-29'),
(63, 42, 37.628853, -122.516617, 'Adipisicing nostrud enim dolor exercitation reprehenderit anim. Sint magna eu anim dolor mollit consectetur nostrud veniam ex. Reprehenderit ex ex veniam adipisicing deserunt aliquip excepteur.', 'https://via.placeholder.com/400/890/fff/?text=location63', 'images/Location Icon.png', 'billboard', '2020-05-10'),
(64, 48, 37.649295, -122.514747, 'Fugiat in ex eu labore mollit enim non est in officia magna proident. Sit aliqua cupidatat sint Lorem consectetur aliquip laboris reprehenderit consectetur qui. Magna commodo duis dolore sunt fugiat nostrud do consectetur id elit.', 'https://via.placeholder.com/400/714/fff/?text=location64', 'images/Location Icon.png', 'billboard', '2020-05-01'),
(65, 24, 37.758407, -122.513934, 'Do mollit incididunt officia proident consequat voluptate aliquip occaecat sit ullamco eu. Nisi id aliqua sit amet non sint aliqua. Duis enim anim deserunt proident aliquip officia do nostrud ullamco qui consectetur labore.', 'https://via.placeholder.com/400/926/fff/?text=location65', 'images/Location Icon.png', 'book cover', '2020-10-12'),
(66, 18, 37.732588, -122.516649, 'Aute aute est amet ut nostrud et velit veniam. Cillum id nostrud eiusmod ut eiusmod aute duis ullamco non reprehenderit in elit. Sunt proident labore enim sit ullamco dolor pariatur Lorem non exercitation sint.', 'https://via.placeholder.com/400/723/fff/?text=location66', 'images/Location Icon.png', 'poster', '2020-02-21'),
(67, 34, 37.779874, -122.518342, 'Mollit est eiusmod cillum voluptate ipsum eu aliquip exercitation voluptate nisi aliquip aliquip Lorem. Occaecat id eiusmod sit irure nisi labore ipsum veniam dolore do amet excepteur nostrud mollit. Exercitation commodo magna aliqua ipsum consequat.', 'https://via.placeholder.com/400/954/fff/?text=location67', 'images/Location Icon.png', 'sign', '2020-05-23'),
(68, 39, 37.733018, -122.518695, 'Lorem eu occaecat cillum exercitation sunt ipsum. Mollit cupidatat nulla Lorem enim. In ut magna proident tempor laborum cupidatat commodo.', 'https://via.placeholder.com/400/802/fff/?text=location68', 'images/Location Icon.png', 'digital ad', '2020-05-12'),
(69, 10, 37.616610, -122.516775, 'Velit amet excepteur cupidatat Lorem et et sunt amet dolore sunt. Enim est pariatur pariatur nisi consectetur. Irure aliquip aute commodo nisi adipisicing eu ad sunt exercitation veniam tempor culpa laboris.', 'https://via.placeholder.com/400/849/fff/?text=location69', 'images/Location Icon.png', 'billboard', '2020-02-06'),
(70, 17, 37.753295, -122.518440, 'Sint amet enim Lorem dolor pariatur quis in est sit exercitation reprehenderit laboris. Nulla consectetur ut pariatur occaecat cillum est do. Irure occaecat commodo exercitation proident est irure commodo anim.', 'https://via.placeholder.com/400/857/fff/?text=location70', 'images/Location Icon.png', 'sign', '2020-10-10'),
(71, 26, 37.737519, -122.517288, 'Minim enim in occaecat culpa voluptate nostrud anim est officia in exercitation mollit pariatur. Cillum nulla laborum officia proident ut proident do tempor dolor aliquip ullamco commodo do. Elit esse occaecat nulla nisi ex exercitation consequat sint quis dolore fugiat.', 'https://via.placeholder.com/400/779/fff/?text=location71', 'images/Location Icon.png', 'poster', '2020-07-12'),
(72, 6, 37.688144, -122.517614, 'Lorem tempor ipsum laborum deserunt fugiat. Cupidatat officia consectetur qui consectetur nostrud consectetur labore excepteur velit amet mollit occaecat est. Consequat sint velit fugiat minim proident veniam quis eiusmod voluptate irure sit.', 'https://via.placeholder.com/400/982/fff/?text=location72', 'images/Location Icon.png', 'billboard', '2020-05-01'),
(73, 19, 37.703150, -122.514848, 'Nulla consequat fugiat occaecat id. Do duis voluptate incididunt laborum. Nulla proident labore et id aliquip aliqua qui et laborum culpa.', 'https://via.placeholder.com/400/973/fff/?text=location73', 'images/Location Icon.png', 'sign', '2020-08-21'),
(74, 44, 37.683478, -122.518823, 'Officia consectetur irure eu cupidatat incididunt minim ipsum id ipsum velit duis non consequat ex. Cupidatat magna aliquip excepteur nulla duis deserunt deserunt cupidatat ea. Occaecat velit duis consectetur officia amet amet sit ex minim ipsum.', 'https://via.placeholder.com/400/902/fff/?text=location74', 'images/Location Icon.png', 'billboard', '2020-09-18'),
(75, 2, 37.718759, -122.515776, 'Lorem id duis laboris adipisicing velit occaecat tempor nostrud sunt est occaecat. Officia mollit exercitation ad irure esse. Adipisicing labore sint elit sit ea.', 'https://via.placeholder.com/400/985/fff/?text=location75', 'images/Location Icon.png', 'billboard', '2020-04-19'),
(76, 7, 37.619775, -122.516800, 'Est eiusmod proident nostrud exercitation. Do proident nostrud reprehenderit nulla nostrud in pariatur ut. Amet enim ipsum eiusmod consectetur exercitation deserunt in dolor cillum ea id dolor cillum.', 'https://via.placeholder.com/400/946/fff/?text=location76', 'images/Location Icon.png', 'poster', '2020-09-10'),
(77, 6, 37.738887, -122.516531, 'Dolor elit sint eu id cupidatat nostrud nostrud nulla excepteur ipsum cillum aliquip. Velit voluptate esse quis proident elit laboris veniam occaecat eiusmod. Eu cillum ipsum nostrud ullamco minim.', 'https://via.placeholder.com/400/930/fff/?text=location77', 'images/Location Icon.png', 'poster', '2020-08-27'),
(78, 26, 37.657038, -122.513759, 'Ad dolore velit esse tempor exercitation deserunt consequat excepteur in. Commodo non commodo magna ullamco consequat. Elit anim proident excepteur eu dolore nulla ipsum culpa tempor mollit commodo cillum dolore.', 'https://via.placeholder.com/400/767/fff/?text=location78', 'images/Location Icon.png', 'billboard', '2020-06-23'),
(79, 46, 37.733274, -122.513879, 'Labore do occaecat adipisicing do quis velit dolore est cillum. Laborum occaecat nisi enim do sint duis. Consectetur ipsum irure ad pariatur esse.', 'https://via.placeholder.com/400/818/fff/?text=location79', 'images/Location Icon.png', 'sign', '2020-09-07'),
(80, 9, 37.666774, -122.518586, 'Cillum excepteur aliqua qui duis nostrud non eu laborum laborum. Tempor officia Lorem mollit minim. Lorem aute laborum et ipsum sint dolore deserunt ipsum labore magna culpa exercitation tempor consectetur.', 'https://via.placeholder.com/400/791/fff/?text=location80', 'images/Location Icon.png', 'poster', '2020-06-14'),
(81, 39, 37.681499, -122.514229, 'Id laboris aliquip qui velit quis id exercitation fugiat officia ullamco non cupidatat. Aute elit incididunt proident ea reprehenderit elit culpa consequat aliqua. Non nisi minim tempor aliquip voluptate sint Lorem.', 'https://via.placeholder.com/400/991/fff/?text=location81', 'images/Location Icon.png', 'poster', '2020-02-05'),
(82, 38, 37.650730, -122.518312, 'Officia cupidatat est fugiat sint tempor nostrud ea et. Enim sunt commodo non esse excepteur elit fugiat ea dolor mollit enim nisi id consequat. Non fugiat consectetur reprehenderit dolor eiusmod labore qui aute exercitation dolore ut.', 'https://via.placeholder.com/400/921/fff/?text=location82', 'images/Location Icon.png', 'poster', '2020-06-02'),
(83, 28, 37.689200, -122.517410, 'Tempor esse ut reprehenderit do sit magna commodo Lorem ut adipisicing esse reprehenderit elit sint. Sint aliqua sint qui cillum laborum dolor enim duis labore elit officia ut incididunt. Adipisicing officia veniam in cillum commodo nisi ipsum ex.', 'https://via.placeholder.com/400/838/fff/?text=location83', 'images/Location Icon.png', 'book cover', '2020-09-28'),
(84, 45, 37.607029, -122.516154, 'Laboris sunt aliquip dolor voluptate duis velit sunt sint nisi laborum. Reprehenderit sunt nisi sunt quis laboris culpa voluptate deserunt dolor laboris fugiat exercitation. Esse laboris quis ex Lorem exercitation laboris ea.', 'https://via.placeholder.com/400/813/fff/?text=location84', 'images/Location Icon.png', 'book cover', '2020-06-22'),
(85, 36, 37.699402, -122.515956, 'Nulla sunt aliqua dolor Lorem sunt do fugiat qui ipsum in ad non proident deserunt. In consequat sit elit voluptate eiusmod eu anim ut cupidatat Lorem. Labore ea pariatur tempor aute consectetur exercitation elit sit labore deserunt.', 'https://via.placeholder.com/400/728/fff/?text=location85', 'images/Location Icon.png', 'packaging', '2020-02-09'),
(86, 9, 37.774075, -122.515645, 'Minim anim ad cupidatat sit anim nulla incididunt consequat labore ullamco Lorem laboris laboris. Et dolor pariatur sit reprehenderit cupidatat officia pariatur. Officia ullamco in qui reprehenderit.', 'https://via.placeholder.com/400/952/fff/?text=location86', 'images/Location Icon.png', 'poster', '2020-09-10'),
(87, 1, 37.651874, -122.517360, 'Magna elit et aliqua nulla deserunt est occaecat labore Lorem. Nisi enim voluptate pariatur qui velit aute consequat ipsum. Culpa do culpa exercitation incididunt eiusmod proident.', 'https://via.placeholder.com/400/966/fff/?text=location87', 'images/Location Icon.png', 'sign', '2020-02-13'),
(88, 11, 37.640115, -122.513933, 'Duis mollit anim nisi officia. Mollit laborum ullamco commodo aliquip nulla consequat proident occaecat. In aute quis nostrud irure commodo.', 'https://via.placeholder.com/400/876/fff/?text=location88', 'images/Location Icon.png', 'packaging', '2020-03-17'),
(89, 33, 37.690913, -122.518880, 'Non mollit consectetur adipisicing officia velit Lorem. Laborum nulla culpa sit anim. Cillum in culpa cillum exercitation.', 'https://via.placeholder.com/400/995/fff/?text=location89', 'images/Location Icon.png', 'packaging', '2020-08-12'),
(90, 11, 37.646744, -122.514786, 'Aute exercitation esse anim duis eiusmod elit. Nulla nulla id non ad irure exercitation. Esse mollit eu sit ipsum adipisicing elit reprehenderit in in.', 'https://via.placeholder.com/400/889/fff/?text=location90', 'images/Location Icon.png', 'sign', '2020-10-06'),
(91, 6, 37.740305, -122.516998, 'Ex duis fugiat adipisicing ut aute nisi Lorem exercitation ipsum id occaecat sunt pariatur labore. Eu ea amet ex sit dolor voluptate enim eu sit ea mollit elit mollit. Nulla ad non consequat et sit sunt est adipisicing.', 'https://via.placeholder.com/400/899/fff/?text=location91', 'images/Location Icon.png', 'sign', '2020-01-11'),
(92, 32, 37.723104, -122.514393, 'Cupidatat nulla culpa deserunt eiusmod sint adipisicing esse sunt. Occaecat cupidatat ad laboris veniam amet velit eiusmod duis sint sint aute. In cillum commodo cillum ullamco excepteur exercitation duis ea enim cillum officia et.', 'https://via.placeholder.com/400/896/fff/?text=location92', 'images/Location Icon.png', 'digital ad', '2020-02-14'),
(93, 3, 37.669506, -122.517167, 'Non magna occaecat velit laboris enim aliquip ullamco consequat reprehenderit duis reprehenderit aliqua. Elit ullamco mollit ad non fugiat anim laborum sit consequat qui. Do fugiat ipsum eu minim et qui consectetur sint nisi.', 'https://via.placeholder.com/400/831/fff/?text=location93', 'images/Location Icon.png', 'billboard', '2020-06-07'),
(94, 39, 37.790093, -122.515549, 'Ullamco elit sunt ullamco duis et in in amet pariatur Lorem. Proident ut ex adipisicing incididunt. Minim aliquip id esse reprehenderit cupidatat ex exercitation Lorem non nulla.', 'https://via.placeholder.com/400/981/fff/?text=location94', 'images/Location Icon.png', 'packaging', '2020-03-25'),
(95, 12, 37.693562, -122.514239, 'Ullamco Lorem sint tempor cupidatat velit nulla adipisicing velit ex fugiat non enim sit. Enim tempor nisi deserunt id veniam excepteur irure reprehenderit in in reprehenderit. Dolore magna commodo ullamco tempor nulla aliquip nisi laborum elit ea qui aute.', 'https://via.placeholder.com/400/881/fff/?text=location95', 'images/Location Icon.png', 'sign', '2020-08-03'),
(96, 15, 37.612769, -122.514384, 'Velit aliquip dolor dolore nisi adipisicing pariatur. Ipsum do occaecat reprehenderit in sit consectetur. Enim eu commodo exercitation consequat non qui ipsum sint nostrud velit cillum nulla.', 'https://via.placeholder.com/400/729/fff/?text=location96', 'images/Location Icon.png', 'poster', '2020-09-29'),
(97, 17, 37.766459, -122.514591, 'Dolor sit sint nostrud fugiat. Dolore est proident nulla deserunt fugiat adipisicing aliquip aliqua irure nostrud incididunt adipisicing. Non laboris ad sunt aliqua.', 'https://via.placeholder.com/400/849/fff/?text=location97', 'images/Location Icon.png', 'poster', '2020-01-09'),
(98, 7, 37.712903, -122.516289, 'Cillum non sint pariatur dolore ad ipsum tempor laborum occaecat. Enim velit aute sunt ullamco ex anim consequat ullamco ipsum sint consequat in. Dolor aliqua ex deserunt excepteur aliquip eiusmod sint mollit non eiusmod sit.', 'https://via.placeholder.com/400/741/fff/?text=location98', 'images/Location Icon.png', 'book cover', '2020-05-21'),
(99, 50, 37.781334, -122.515003, 'Ipsum id incididunt quis adipisicing labore quis amet officia deserunt aliqua ut. Qui occaecat laborum eu laborum irure excepteur consequat nisi aliqua tempor in ex. Nostrud enim pariatur proident aute est occaecat.', 'https://via.placeholder.com/400/983/fff/?text=location99', 'images/Location Icon.png', 'poster', '2020-08-16'),
(100, 43, 37.725295, -122.515664, 'Officia amet consectetur magna consectetur pariatur velit quis Lorem esse do veniam sunt. Cupidatat voluptate fugiat velit incididunt veniam amet ullamco aute incididunt qui Lorem sint. Officia elit aliquip minim proident.', 'https://via.placeholder.com/400/983/fff/?text=location100', 'images/Location Icon.png', 'poster', '2020-10-08'),
(101, 36, 37.790921, -122.516937, 'Irure qui commodo ullamco qui ut voluptate incididunt quis sint consequat exercitation minim non sunt. Anim ipsum mollit esse duis ipsum reprehenderit dolor voluptate sit. Anim cillum eu anim non deserunt elit ea elit minim proident voluptate.', 'https://via.placeholder.com/400/711/fff/?text=location101', 'images/Location Icon.png', 'poster', '2020-01-15'),
(102, 25, 37.673968, -122.517603, 'Minim reprehenderit ut duis occaecat incididunt ex sint cupidatat enim. Cillum eiusmod minim eiusmod et voluptate labore labore veniam. Cupidatat id duis aute est eu est ullamco est consectetur elit amet pariatur aliquip.', 'https://via.placeholder.com/400/805/fff/?text=location102', 'images/Location Icon.png', 'sign', '2020-01-28'),
(103, 23, 37.731764, -122.514595, 'Cillum excepteur occaecat ex excepteur. Sit ullamco ea incididunt sint aliqua anim ex irure elit voluptate cupidatat laboris. Incididunt culpa veniam culpa mollit.', 'https://via.placeholder.com/400/848/fff/?text=location103', 'images/Location Icon.png', 'billboard', '2020-10-17'),
(104, 41, 37.754017, -122.517214, 'Nulla aute nulla ipsum tempor nisi. Esse velit sit excepteur dolor aute ut ad non anim tempor. Veniam eiusmod cillum tempor pariatur quis velit laboris veniam qui consequat eu eu.', 'https://via.placeholder.com/400/984/fff/?text=location104', 'images/Location Icon.png', 'book cover', '2020-01-24'),
(105, 22, 37.618111, -122.518840, 'Ipsum reprehenderit reprehenderit sit culpa duis id sunt. Aliquip reprehenderit dolore veniam commodo. Quis ex non occaecat ad ea magna aliquip ipsum duis dolor ullamco ipsum.', 'https://via.placeholder.com/400/891/fff/?text=location105', 'images/Location Icon.png', 'digital ad', '2020-08-02'),
(106, 24, 37.775247, -122.514521, 'Fugiat pariatur elit ex cillum eiusmod sunt est id deserunt mollit excepteur. Adipisicing reprehenderit qui qui ex. Elit qui ut officia officia.', 'https://via.placeholder.com/400/831/fff/?text=location106', 'images/Location Icon.png', 'sign', '2020-05-27'),
(107, 41, 37.631890, -122.517074, 'Excepteur consequat quis minim nulla pariatur eiusmod ea. In sit magna voluptate ex dolore ipsum. Sit occaecat officia incididunt aute.', 'https://via.placeholder.com/400/878/fff/?text=location107', 'images/Location Icon.png', 'sign', '2020-07-14'),
(108, 44, 37.638421, -122.517428, 'Sint exercitation ullamco dolor amet officia labore. Aute nulla reprehenderit culpa excepteur quis laboris anim consequat dolor non. Id et officia ex enim amet eu consectetur consectetur nostrud in excepteur duis veniam.', 'https://via.placeholder.com/400/926/fff/?text=location108', 'images/Location Icon.png', 'digital ad', '2020-10-30'),
(109, 9, 37.793941, -122.517808, 'Anim esse nulla deserunt exercitation voluptate ipsum tempor. Laboris occaecat non aliquip ea veniam minim magna mollit nisi labore aliqua. Elit excepteur aliqua laborum ullamco qui sint culpa irure excepteur.', 'https://via.placeholder.com/400/970/fff/?text=location109', 'images/Location Icon.png', 'packaging', '2020-05-29'),
(110, 8, 37.727780, -122.514298, 'Tempor consectetur minim id tempor fugiat incididunt do occaecat officia culpa. Mollit sit elit quis dolor eu minim. Consectetur esse mollit id ipsum qui nulla sit.', 'https://via.placeholder.com/400/942/fff/?text=location110', 'images/Location Icon.png', 'billboard', '2020-10-21'),
(111, 39, 37.783224, -122.517387, 'Irure fugiat veniam non laboris. Eu excepteur eiusmod cillum ipsum pariatur. Est sint duis quis ut consequat tempor non esse non aliqua cillum amet quis nostrud.', 'https://via.placeholder.com/400/866/fff/?text=location111', 'images/Location Icon.png', 'poster', '2020-04-22'),
(112, 20, 37.726961, -122.517977, 'Sit consequat enim irure sint consequat duis velit laboris irure ipsum. Exercitation qui Lorem consectetur proident laborum anim anim ea exercitation excepteur officia. Aliqua quis tempor enim ex quis magna ipsum nostrud dolore incididunt laboris.', 'https://via.placeholder.com/400/975/fff/?text=location112', 'images/Location Icon.png', 'book cover', '2020-06-02'),
(113, 48, 37.748677, -122.517385, 'Voluptate incididunt ad aute dolor minim excepteur aliquip aliquip deserunt ea. Cupidatat eiusmod amet sunt labore do proident adipisicing adipisicing consectetur excepteur ut et aute pariatur. Laboris dolore aliqua elit ex deserunt commodo minim in tempor irure nostrud tempor ut aliquip.', 'https://via.placeholder.com/400/816/fff/?text=location113', 'images/Location Icon.png', 'sign', '2020-05-05'),
(114, 34, 37.771311, -122.516290, 'Eu qui qui consequat proident ut quis ullamco occaecat labore consectetur officia veniam. Labore in irure exercitation cillum. Quis exercitation ad ipsum dolore Lorem.', 'https://via.placeholder.com/400/720/fff/?text=location114', 'images/Location Icon.png', 'digital ad', '2020-02-11'),
(115, 22, 37.645006, -122.515028, 'Tempor voluptate pariatur tempor et commodo sint laboris. Laborum voluptate voluptate ex excepteur aliquip anim. Incididunt commodo nulla sint adipisicing laboris eiusmod id nostrud quis.', 'https://via.placeholder.com/400/911/fff/?text=location115', 'images/Location Icon.png', 'sign', '2020-03-07'),
(116, 25, 37.765055, -122.518688, 'Consectetur nulla quis quis sunt ad non mollit. Tempor nisi eu magna laborum labore sunt eu. Esse incididunt nisi non cillum labore.', 'https://via.placeholder.com/400/806/fff/?text=location116', 'images/Location Icon.png', 'book cover', '2020-03-06'),
(117, 7, 37.790218, -122.518474, 'Cillum ad amet laboris deserunt ipsum velit pariatur labore pariatur occaecat proident. Ipsum ea et reprehenderit aute esse. Eiusmod ullamco laborum fugiat anim ipsum dolor consequat.', 'https://via.placeholder.com/400/788/fff/?text=location117', 'images/Location Icon.png', 'poster', '2020-10-29'),
(118, 24, 37.647043, -122.517089, 'Cupidatat voluptate quis minim incididunt enim. Veniam reprehenderit deserunt aliqua commodo labore aliqua minim consequat velit sunt aute aute. Incididunt eiusmod veniam laborum incididunt ea.', 'https://via.placeholder.com/400/767/fff/?text=location118', 'images/Location Icon.png', 'poster', '2020-09-02'),
(119, 34, 37.698883, -122.518830, 'Voluptate velit sint velit exercitation labore esse proident excepteur. Ipsum nisi sint voluptate in exercitation dolore. Occaecat Lorem consectetur quis irure nisi nulla.', 'https://via.placeholder.com/400/945/fff/?text=location119', 'images/Location Icon.png', 'digital ad', '2020-01-03'),
(120, 9, 37.766663, -122.518178, 'Ullamco in proident esse incididunt ut fugiat. Incididunt laborum eiusmod adipisicing elit cupidatat quis. Velit amet ad amet est deserunt deserunt irure amet deserunt.', 'https://via.placeholder.com/400/881/fff/?text=location120', 'images/Location Icon.png', 'book cover', '2020-04-10'),
(121, 39, 37.776224, -122.516393, 'Esse ullamco consectetur magna amet aute esse labore do ipsum nostrud eiusmod. Adipisicing labore consequat eiusmod et laborum velit irure eiusmod aute minim. Aute fugiat proident consequat Lorem in eiusmod duis.', 'https://via.placeholder.com/400/736/fff/?text=location121', 'images/Location Icon.png', 'packaging', '2020-09-02'),
(122, 31, 37.733540, -122.517786, 'Minim dolore dolor deserunt dolor non consectetur fugiat. Non ut tempor id pariatur ea nisi esse labore irure velit. Voluptate consectetur officia voluptate nostrud.', 'https://via.placeholder.com/400/957/fff/?text=location122', 'images/Location Icon.png', 'book cover', '2020-03-06'),
(123, 5, 37.659566, -122.516165, 'Ex elit voluptate incididunt non anim cillum veniam non minim. Ullamco ea excepteur amet anim proident. Commodo fugiat proident aliqua esse tempor nisi commodo.', 'https://via.placeholder.com/400/703/fff/?text=location123', 'images/Location Icon.png', 'book cover', '2020-08-31'),
(124, 9, 37.646794, -122.518341, 'Sit sint pariatur dolor et commodo ad nisi irure. Velit nisi laborum excepteur minim veniam nulla est deserunt. Incididunt exercitation ea ea laborum eu do velit cillum enim.', 'https://via.placeholder.com/400/987/fff/?text=location124', 'images/Location Icon.png', 'poster', '2020-08-08'),
(125, 9, 37.648372, -122.516817, 'Cupidatat in culpa dolor labore aliquip ut. Consectetur laborum ut qui ipsum labore. Proident pariatur amet ex veniam consequat fugiat reprehenderit ea.', 'https://via.placeholder.com/400/813/fff/?text=location125', 'images/Location Icon.png', 'poster', '2020-02-28'),
(126, 7, 37.698874, -122.515008, 'Dolor esse et cillum dolor sunt non consectetur quis. Anim id ut sint incididunt nulla nostrud duis tempor veniam quis aliquip deserunt cupidatat. Minim consequat elit nostrud esse.', 'https://via.placeholder.com/400/942/fff/?text=location126', 'images/Location Icon.png', 'sign', '2020-05-28'),
(127, 36, 37.688672, -122.517243, 'Pariatur nisi esse enim eu incididunt sit magna quis ad eiusmod magna. Id Lorem eu fugiat nisi quis ad ut amet laboris incididunt. Officia velit aliqua ipsum excepteur adipisicing quis officia sunt officia cupidatat elit eiusmod Lorem.', 'https://via.placeholder.com/400/805/fff/?text=location127', 'images/Location Icon.png', 'poster', '2020-05-19'),
(128, 27, 37.622708, -122.514379, 'Aliqua sint pariatur non velit occaecat consectetur minim laborum eu ea. Pariatur ad sint est dolor enim aute quis irure qui labore nulla aute. Non dolore proident laborum sit mollit incididunt.', 'https://via.placeholder.com/400/789/fff/?text=location128', 'images/Location Icon.png', 'packaging', '2020-03-24'),
(129, 16, 37.610006, -122.515438, 'Dolor tempor sint laborum sunt duis nostrud ad aute irure quis amet est nostrud. Ullamco nostrud anim voluptate exercitation labore pariatur voluptate voluptate est ullamco eu laboris minim quis. Sit sunt aliquip mollit nisi laboris exercitation laborum nisi ut consectetur.', 'https://via.placeholder.com/400/721/fff/?text=location129', 'images/Location Icon.png', 'packaging', '2020-06-08'),
(130, 43, 37.691341, -122.517268, 'Exercitation dolore laboris voluptate sit reprehenderit minim aliqua quis cupidatat amet. Ipsum ullamco do anim do enim culpa veniam ut cupidatat occaecat minim eiusmod mollit. Consequat in enim et aliquip cillum reprehenderit occaecat pariatur.', 'https://via.placeholder.com/400/838/fff/?text=location130', 'images/Location Icon.png', 'book cover', '2020-03-03'),
(131, 14, 37.637148, -122.518012, 'Excepteur minim aliquip excepteur est exercitation fugiat elit quis. Commodo excepteur proident proident mollit. Sit dolor mollit ullamco laboris consectetur magna nostrud commodo dolore est magna deserunt.', 'https://via.placeholder.com/400/723/fff/?text=location131', 'images/Location Icon.png', 'poster', '2020-08-01'),
(132, 40, 37.735539, -122.518377, 'Id fugiat laborum excepteur non. Et nisi aliquip anim id consequat adipisicing voluptate ut esse eiusmod proident excepteur. Anim commodo Lorem est sunt ut magna id ipsum ipsum ea qui ad culpa.', 'https://via.placeholder.com/400/906/fff/?text=location132', 'images/Location Icon.png', 'poster', '2020-08-27'),
(133, 41, 37.785123, -122.517284, 'Irure sit cillum anim tempor ipsum nisi officia nisi commodo velit exercitation nulla occaecat. Aute tempor culpa dolore labore dolore in irure reprehenderit aliqua cupidatat eiusmod cillum consequat consequat. Eiusmod pariatur duis quis ex non aute qui magna non tempor tempor.', 'https://via.placeholder.com/400/835/fff/?text=location133', 'images/Location Icon.png', 'poster', '2020-06-09'),
(134, 13, 37.708255, -122.514925, 'Deserunt et voluptate amet anim nisi cillum irure est officia est veniam nulla labore. Pariatur in nostrud deserunt quis incididunt id in sit elit mollit. Quis excepteur eiusmod nostrud do.', 'https://via.placeholder.com/400/988/fff/?text=location134', 'images/Location Icon.png', 'sign', '2020-04-07'),
(135, 26, 37.635764, -122.514791, 'Est voluptate adipisicing in sit ad. Non aliqua officia nulla excepteur tempor amet voluptate. Et consectetur eiusmod sint proident deserunt ipsum sint ex Lorem.', 'https://via.placeholder.com/400/882/fff/?text=location135', 'images/Location Icon.png', 'poster', '2020-07-03'),
(136, 36, 37.763060, -122.515932, 'Quis excepteur sit cupidatat sunt exercitation ut aliquip. Dolore dolore cillum culpa culpa. Do esse officia Lorem ullamco laborum ex.', 'https://via.placeholder.com/400/752/fff/?text=location136', 'images/Location Icon.png', 'packaging', '2020-10-23'),
(137, 47, 37.701884, -122.518499, 'Consequat officia consectetur cillum pariatur ullamco sit amet ex. Excepteur in culpa ea sint ullamco tempor duis consectetur non elit labore ipsum consectetur. Fugiat qui officia et sit anim aliquip duis.', 'https://via.placeholder.com/400/990/fff/?text=location137', 'images/Location Icon.png', 'billboard', '2020-03-26'),
(138, 45, 37.761209, -122.515002, 'Minim tempor culpa cupidatat tempor velit sunt eiusmod aliquip velit voluptate do. Aliqua do quis voluptate velit proident. Nostrud dolore eiusmod minim exercitation aliqua eiusmod voluptate velit.', 'https://via.placeholder.com/400/918/fff/?text=location138', 'images/Location Icon.png', 'poster', '2020-09-04'),
(139, 11, 37.664745, -122.514577, 'Ea ipsum non aute pariatur consequat reprehenderit ullamco dolor enim excepteur. Incididunt occaecat qui ea ex duis labore irure nisi amet reprehenderit ea pariatur exercitation consectetur. Commodo fugiat cillum fugiat dolor laborum velit sit Lorem.', 'https://via.placeholder.com/400/778/fff/?text=location139', 'images/Location Icon.png', 'digital ad', '2020-09-10'),
(140, 21, 37.669039, -122.515083, 'Nostrud officia nostrud ut ea labore reprehenderit voluptate velit qui. Esse sunt ut id anim incididunt. Voluptate nostrud aute sunt do duis irure nostrud esse aliquip non eu eu sunt adipisicing.', 'https://via.placeholder.com/400/958/fff/?text=location140', 'images/Location Icon.png', 'billboard', '2020-05-11'),
(141, 35, 37.672370, -122.516053, 'Tempor officia ipsum duis veniam sunt cupidatat proident consequat quis officia. Fugiat fugiat ullamco cillum irure deserunt. Anim adipisicing consectetur excepteur qui ex qui minim culpa magna aliqua est consectetur.', 'https://via.placeholder.com/400/754/fff/?text=location141', 'images/Location Icon.png', 'billboard', '2020-03-12');
INSERT INTO `track_locations` (`id`, `type_id`, `lat`, `lng`, `note`, `img`, `icon`, `application`, `date_create`) VALUES
(142, 49, 37.782177, -122.515694, 'Reprehenderit nisi officia ut aute sunt eiusmod et dolor commodo exercitation nisi ipsum. Dolor adipisicing nisi cillum laboris aute velit anim quis anim fugiat do labore. Mollit enim velit voluptate amet laborum irure quis sit.', 'https://via.placeholder.com/400/835/fff/?text=location142', 'images/Location Icon.png', 'poster', '2020-01-01'),
(143, 9, 37.734171, -122.513741, 'Excepteur ea ad proident enim ea aliquip qui dolore nulla anim magna commodo. Deserunt proident officia dolore eu ut quis aute. Excepteur sint labore deserunt cillum pariatur deserunt anim culpa ullamco.', 'https://via.placeholder.com/400/800/fff/?text=location143', 'images/Location Icon.png', 'poster', '2020-03-23'),
(144, 13, 37.666903, -122.517920, 'Labore cillum ipsum Lorem ea aliquip labore exercitation aliqua qui sunt ipsum amet. Exercitation nulla enim ipsum ex aute magna commodo labore incididunt irure consectetur elit commodo ex. Dolor mollit elit sit ut dolore aliquip culpa veniam irure incididunt sit.', 'https://via.placeholder.com/400/921/fff/?text=location144', 'images/Location Icon.png', 'poster', '2020-02-23'),
(145, 39, 37.708800, -122.514163, 'Dolor eu cupidatat aliquip duis enim reprehenderit. Ea laborum in sit quis veniam ipsum nulla. Ea proident nulla minim dolore consequat laboris mollit minim eiusmod qui est deserunt ut.', 'https://via.placeholder.com/400/785/fff/?text=location145', 'images/Location Icon.png', 'digital ad', '2020-01-15'),
(146, 22, 37.747247, -122.518346, 'Sint consequat reprehenderit aliquip magna laborum Lorem nostrud pariatur. Ut mollit consectetur exercitation adipisicing id in eiusmod tempor nisi eu commodo dolor ipsum Lorem. Pariatur occaecat est veniam proident nisi fugiat minim ipsum quis culpa eiusmod.', 'https://via.placeholder.com/400/928/fff/?text=location146', 'images/Location Icon.png', 'digital ad', '2020-03-21'),
(147, 18, 37.672839, -122.517677, 'Ex cupidatat irure sit adipisicing ea veniam id dolor id. Exercitation consectetur incididunt ipsum dolor dolore nisi esse minim proident non sunt quis. Ex aute et excepteur eu quis.', 'https://via.placeholder.com/400/816/fff/?text=location147', 'images/Location Icon.png', 'sign', '2020-10-13'),
(148, 3, 37.610866, -122.517690, 'Ipsum et esse reprehenderit cillum elit cillum nulla Lorem. Officia anim ad pariatur commodo. Elit id eiusmod tempor magna id non occaecat non enim velit do ea.', 'https://via.placeholder.com/400/714/fff/?text=location148', 'images/Location Icon.png', 'book cover', '2020-01-05'),
(149, 10, 37.611707, -122.513826, 'Ex commodo Lorem enim irure fugiat ad deserunt aliqua dolore labore dolor incididunt. Cupidatat veniam velit quis enim laborum reprehenderit elit elit dolor labore. Excepteur Lorem ad ad velit laborum nostrud consequat voluptate aute sit amet cillum et.', 'https://via.placeholder.com/400/980/fff/?text=location149', 'images/Location Icon.png', 'sign', '2020-01-23'),
(150, 35, 37.766644, -122.514889, 'Esse culpa aliquip nulla ea aliquip consectetur cupidatat non duis anim esse commodo amet consequat. Cupidatat non anim mollit laborum elit laboris sint quis labore qui sint sunt nulla. Sit qui culpa culpa eiusmod sit anim.', 'https://via.placeholder.com/400/999/fff/?text=location150', 'images/Location Icon.png', 'poster', '2020-08-25'),
(151, 4, 37.676520, -122.518700, 'Incididunt est reprehenderit est officia. Laborum labore commodo commodo cupidatat proident tempor ipsum qui ut sit in sint ex. Irure velit velit voluptate consectetur excepteur ex.', 'https://via.placeholder.com/400/898/fff/?text=location151', 'images/Location Icon.png', 'billboard', '2020-02-11'),
(152, 37, 37.756486, -122.518878, 'Cupidatat excepteur eu veniam sint duis elit nisi sint pariatur. Et deserunt esse fugiat sit nostrud est voluptate labore ex ad. Commodo voluptate exercitation irure adipisicing.', 'https://via.placeholder.com/400/916/fff/?text=location152', 'images/Location Icon.png', 'sign', '2020-02-14'),
(153, 44, 37.643827, -122.515726, 'Aliqua ad ullamco consectetur aliqua commodo quis laboris dolore occaecat dolore non irure. Commodo nostrud ullamco enim exercitation incididunt. Deserunt adipisicing incididunt et nisi et nostrud consectetur sit.', 'https://via.placeholder.com/400/969/fff/?text=location153', 'images/Location Icon.png', 'packaging', '2020-02-01'),
(154, 5, 37.730566, -122.513646, 'Quis nostrud occaecat in ut enim et duis occaecat consequat ad nisi veniam eu. Excepteur sint exercitation eu qui culpa. Quis eiusmod esse dolore nulla ut adipisicing exercitation nisi elit enim commodo reprehenderit esse.', 'https://via.placeholder.com/400/880/fff/?text=location154', 'images/Location Icon.png', 'book cover', '2020-05-24'),
(155, 30, 37.719123, -122.516418, 'Ipsum adipisicing irure in nostrud. Fugiat veniam ipsum do veniam quis. Pariatur dolor veniam occaecat dolor sit enim ex fugiat.', 'https://via.placeholder.com/400/887/fff/?text=location155', 'images/Location Icon.png', 'packaging', '2020-07-16'),
(156, 18, 37.782379, -122.514747, 'Adipisicing ex labore dolore esse adipisicing labore occaecat. Amet quis nulla tempor minim et occaecat deserunt ex. Consequat velit exercitation laboris reprehenderit anim.', 'https://via.placeholder.com/400/873/fff/?text=location156', 'images/Location Icon.png', 'book cover', '2020-07-05'),
(157, 33, 37.640514, -122.518798, 'Sit nisi dolor proident ut magna eu et. Eiusmod ipsum pariatur esse ea anim aute enim. Aliqua nulla ut ea voluptate sunt commodo tempor ut culpa cillum labore.', 'https://via.placeholder.com/400/964/fff/?text=location157', 'images/Location Icon.png', 'poster', '2020-05-12'),
(158, 31, 37.666055, -122.515165, 'Deserunt culpa proident sint laboris consectetur commodo fugiat sunt dolore nostrud. Aute reprehenderit fugiat dolore magna occaecat excepteur veniam adipisicing. Ullamco laborum laborum eu exercitation aliquip id quis est magna est labore ullamco culpa.', 'https://via.placeholder.com/400/852/fff/?text=location158', 'images/Location Icon.png', 'billboard', '2020-03-02'),
(159, 38, 37.643360, -122.518133, 'Id non velit officia enim enim ullamco ipsum nulla fugiat veniam ut laborum. Pariatur sit non nisi excepteur. Ea reprehenderit voluptate aute nostrud.', 'https://via.placeholder.com/400/732/fff/?text=location159', 'images/Location Icon.png', 'book cover', '2020-08-14'),
(160, 36, 37.673448, -122.517795, 'Aliquip adipisicing et ad adipisicing. Proident nulla ex deserunt aute. Cupidatat laboris Lorem consequat cupidatat nulla reprehenderit esse pariatur.', 'https://via.placeholder.com/400/811/fff/?text=location160', 'images/Location Icon.png', 'packaging', '2020-10-25'),
(161, 26, 37.738571, -122.517435, 'Consectetur laborum irure labore nulla nostrud consequat mollit sint mollit et. Irure nulla sit quis nisi. Quis cupidatat reprehenderit officia labore nisi cillum culpa in ipsum ad nostrud veniam eiusmod nisi.', 'https://via.placeholder.com/400/901/fff/?text=location161', 'images/Location Icon.png', 'poster', '2020-01-03'),
(162, 8, 37.767608, -122.516367, 'Adipisicing exercitation excepteur officia cillum tempor culpa do nulla esse quis in. Reprehenderit est voluptate eu ex velit nostrud dolore ea. Dolor Lorem officia do non laboris anim consectetur ipsum commodo voluptate tempor fugiat.', 'https://via.placeholder.com/400/753/fff/?text=location162', 'images/Location Icon.png', 'book cover', '2020-10-29'),
(163, 20, 37.785760, -122.516108, 'Pariatur ad ipsum id ut. Do adipisicing magna eiusmod elit est esse eu ullamco esse esse. Consectetur incididunt ad culpa eu voluptate elit nisi.', 'https://via.placeholder.com/400/962/fff/?text=location163', 'images/Location Icon.png', 'packaging', '2020-07-13'),
(164, 50, 37.660855, -122.518752, 'Cillum deserunt officia et cupidatat sit commodo elit do nulla ipsum nisi ex culpa. Ad in deserunt laborum nisi irure ullamco exercitation cillum voluptate. Proident do commodo commodo laborum minim aliqua laboris.', 'https://via.placeholder.com/400/907/fff/?text=location164', 'images/Location Icon.png', 'sign', '2020-07-30'),
(165, 40, 37.699042, -122.517176, 'Ad duis duis officia quis tempor amet excepteur enim in duis. Irure enim tempor laboris Lorem voluptate deserunt ex laboris duis ea exercitation. Excepteur officia culpa incididunt aute cupidatat ea ipsum consectetur cupidatat esse officia magna ullamco velit.', 'https://via.placeholder.com/400/929/fff/?text=location165', 'images/Location Icon.png', 'packaging', '2020-08-08'),
(166, 42, 37.730135, -122.515449, 'Fugiat excepteur aliquip nisi in eiusmod eiusmod tempor ipsum minim ipsum non. Sint excepteur mollit duis mollit cupidatat sunt in exercitation ad. Fugiat fugiat commodo et ut labore do cupidatat aliquip.', 'https://via.placeholder.com/400/788/fff/?text=location166', 'images/Location Icon.png', 'poster', '2020-09-04'),
(167, 23, 37.615030, -122.517623, 'Ut eu nulla officia ad culpa irure. Et commodo nulla est cillum eiusmod. Reprehenderit quis fugiat officia proident consectetur ipsum ut in laboris veniam enim magna ad.', 'https://via.placeholder.com/400/828/fff/?text=location167', 'images/Location Icon.png', 'book cover', '2020-03-12'),
(168, 29, 37.709380, -122.515069, 'Fugiat excepteur veniam et laboris dolore consectetur commodo aute occaecat magna. Pariatur culpa velit dolor consequat ad ipsum. Dolor excepteur id elit aute voluptate.', 'https://via.placeholder.com/400/836/fff/?text=location168', 'images/Location Icon.png', 'book cover', '2020-06-21'),
(169, 13, 37.665640, -122.517044, 'In voluptate ipsum do consectetur deserunt culpa enim. Do cillum nulla culpa mollit Lorem. Ullamco do eiusmod mollit veniam minim non.', 'https://via.placeholder.com/400/817/fff/?text=location169', 'images/Location Icon.png', 'digital ad', '2020-06-04'),
(170, 21, 37.667520, -122.516156, 'Dolore incididunt excepteur minim Lorem adipisicing nulla duis. Elit nulla sunt amet mollit velit laboris enim enim labore commodo. Est elit deserunt adipisicing nostrud adipisicing excepteur non.', 'https://via.placeholder.com/400/953/fff/?text=location170', 'images/Location Icon.png', 'packaging', '2020-03-02'),
(171, 12, 37.627831, -122.513886, 'Aliqua anim non ea ullamco enim non veniam aliqua quis eiusmod consequat dolore. Nostrud velit excepteur dolore fugiat deserunt ex incididunt. Voluptate ea ipsum aliquip et voluptate nisi.', 'https://via.placeholder.com/400/896/fff/?text=location171', 'images/Location Icon.png', 'digital ad', '2020-09-16'),
(172, 36, 37.764624, -122.514807, 'Fugiat cillum quis labore do. Fugiat sit sunt ex culpa sunt et enim Lorem. In est pariatur veniam proident.', 'https://via.placeholder.com/400/788/fff/?text=location172', 'images/Location Icon.png', 'billboard', '2020-01-08'),
(173, 32, 37.764366, -122.515233, 'Eiusmod exercitation aute voluptate esse amet eiusmod consectetur. Aliqua ad irure nostrud reprehenderit cillum irure. Consequat cillum proident aliquip magna occaecat.', 'https://via.placeholder.com/400/772/fff/?text=location173', 'images/Location Icon.png', 'billboard', '2020-06-01'),
(174, 19, 37.752027, -122.513634, 'Mollit non aute esse deserunt consequat consectetur aliquip nisi duis anim et non sint. Laboris ut id elit laborum ipsum adipisicing aliqua. Velit fugiat voluptate id aliquip fugiat deserunt duis qui laborum ad duis eu dolor id.', 'https://via.placeholder.com/400/959/fff/?text=location174', 'images/Location Icon.png', 'packaging', '2020-07-11'),
(175, 43, 37.691843, -122.517082, 'Anim reprehenderit anim anim voluptate. Occaecat commodo reprehenderit sint cupidatat. Occaecat aute laboris ut deserunt.', 'https://via.placeholder.com/400/759/fff/?text=location175', 'images/Location Icon.png', 'book cover', '2020-01-25'),
(176, 35, 37.683987, -122.517834, 'Amet sint irure amet ad. Exercitation pariatur et duis incididunt duis Lorem ad et ex laborum consectetur aliqua eu adipisicing. Cupidatat est enim irure et Lorem elit.', 'https://via.placeholder.com/400/882/fff/?text=location176', 'images/Location Icon.png', 'packaging', '2020-04-27'),
(177, 21, 37.634718, -122.517900, 'Cupidatat nulla ullamco cillum eiusmod aute minim esse sit. Reprehenderit esse mollit sit adipisicing cupidatat proident aliqua exercitation mollit amet. Consectetur nisi occaecat voluptate do velit officia quis id.', 'https://via.placeholder.com/400/763/fff/?text=location177', 'images/Location Icon.png', 'digital ad', '2020-01-18'),
(178, 38, 37.668027, -122.518488, 'Duis reprehenderit deserunt pariatur adipisicing cupidatat cupidatat qui do fugiat adipisicing aute ad commodo. Voluptate fugiat quis ut non labore consectetur nostrud labore id deserunt aute consequat exercitation culpa. Laboris commodo duis proident tempor est non dolor enim veniam occaecat nulla.', 'https://via.placeholder.com/400/955/fff/?text=location178', 'images/Location Icon.png', 'book cover', '2020-05-27'),
(179, 8, 37.742855, -122.516623, 'Adipisicing consectetur officia irure quis minim commodo Lorem pariatur proident Lorem irure excepteur sint commodo. In in proident incididunt magna amet in dolore mollit. Enim sunt tempor deserunt sunt ut veniam labore in enim nulla commodo.', 'https://via.placeholder.com/400/888/fff/?text=location179', 'images/Location Icon.png', 'book cover', '2020-07-07'),
(180, 46, 37.778129, -122.517070, 'Proident veniam sit non in ipsum nisi ex enim do fugiat ea amet. Voluptate irure ea nisi magna nostrud magna irure consectetur id ipsum consequat. Magna nulla fugiat incididunt officia sit proident fugiat laboris ullamco occaecat non amet officia aute.', 'https://via.placeholder.com/400/701/fff/?text=location180', 'images/Location Icon.png', 'poster', '2020-02-02'),
(181, 12, 37.714771, -122.515308, 'Qui do proident aute sunt in ea dolore nisi adipisicing. Amet ut enim eu pariatur eiusmod quis et commodo officia adipisicing culpa aliqua anim. Culpa voluptate exercitation et exercitation aute minim laborum pariatur officia id duis minim non ullamco.', 'https://via.placeholder.com/400/752/fff/?text=location181', 'images/Location Icon.png', 'digital ad', '2020-02-20'),
(182, 2, 37.707439, -122.518440, 'Laborum ea eiusmod mollit elit ullamco enim excepteur incididunt minim laboris pariatur qui exercitation commodo. Fugiat eu officia sit do culpa ea consectetur eiusmod velit enim labore incididunt non reprehenderit. Minim aliquip adipisicing et eiusmod.', 'https://via.placeholder.com/400/899/fff/?text=location182', 'images/Location Icon.png', 'book cover', '2020-08-21'),
(183, 43, 37.769535, -122.515023, 'Qui ut voluptate sit Lorem do incididunt ullamco occaecat adipisicing proident. Culpa velit excepteur anim consectetur in mollit laboris elit qui. Fugiat ut excepteur laboris et duis laboris deserunt aliquip ut magna sint reprehenderit magna dolore.', 'https://via.placeholder.com/400/809/fff/?text=location183', 'images/Location Icon.png', 'book cover', '2020-10-10'),
(184, 26, 37.792360, -122.516656, 'Fugiat in voluptate ipsum ut sunt cupidatat veniam Lorem eiusmod do reprehenderit ut sunt cupidatat. Aliqua deserunt veniam cupidatat mollit reprehenderit deserunt non est. Laboris adipisicing adipisicing veniam officia sit nisi minim laboris ipsum.', 'https://via.placeholder.com/400/987/fff/?text=location184', 'images/Location Icon.png', 'packaging', '2020-06-08'),
(185, 15, 37.630046, -122.517031, 'Ut cillum dolor eu Lorem sit qui irure aliqua aliquip duis. Fugiat pariatur tempor consectetur cillum magna qui non. Officia occaecat laborum tempor ea consectetur aliqua do voluptate excepteur excepteur anim.', 'https://via.placeholder.com/400/716/fff/?text=location185', 'images/Location Icon.png', 'packaging', '2020-01-10'),
(186, 8, 37.629022, -122.514163, 'Mollit fugiat et eu anim dolore commodo tempor dolore sint consectetur ipsum cupidatat. Pariatur incididunt consectetur fugiat in pariatur incididunt do sit sunt nulla. Anim enim dolor esse nisi qui sunt labore mollit qui commodo.', 'https://via.placeholder.com/400/827/fff/?text=location186', 'images/Location Icon.png', 'sign', '2020-10-17'),
(187, 47, 37.771916, -122.518752, 'Cupidatat laborum tempor aute ullamco et nisi qui irure. Ex excepteur veniam pariatur consectetur adipisicing ad nulla in magna nisi nisi cillum. Ipsum enim pariatur ut sint duis qui aliquip non exercitation.', 'https://via.placeholder.com/400/826/fff/?text=location187', 'images/Location Icon.png', 'poster', '2020-02-18'),
(188, 33, 37.764933, -122.517093, 'Nisi culpa est tempor aliquip irure reprehenderit. Ipsum veniam dolore anim dolor ipsum ex ipsum excepteur do proident sit. Excepteur sit esse sit non id.', 'https://via.placeholder.com/400/796/fff/?text=location188', 'images/Location Icon.png', 'digital ad', '2020-10-03'),
(189, 2, 37.654055, -122.517419, 'Lorem nulla nulla qui id ex nostrud eiusmod amet. Anim irure aliqua ut qui et adipisicing cupidatat ea. Voluptate labore id consectetur labore magna consectetur laborum minim sit officia ad consectetur nisi quis.', 'https://via.placeholder.com/400/786/fff/?text=location189', 'images/Location Icon.png', 'book cover', '2020-04-07'),
(190, 36, 37.747421, -122.518201, 'Elit velit magna duis pariatur. Pariatur incididunt sint ut eu quis pariatur aute veniam. Nostrud laboris Lorem quis est cillum.', 'https://via.placeholder.com/400/949/fff/?text=location190', 'images/Location Icon.png', 'poster', '2020-06-30'),
(191, 44, 37.668935, -122.516944, 'Nostrud ad occaecat cupidatat amet pariatur ad eiusmod exercitation. Labore quis Lorem eu eiusmod ullamco ex sint in. Dolor sint consequat non officia exercitation dolor ad.', 'https://via.placeholder.com/400/821/fff/?text=location191', 'images/Location Icon.png', 'packaging', '2020-04-29'),
(192, 11, 37.637830, -122.516996, 'Mollit elit mollit cillum sint laborum ad eu fugiat fugiat. Laborum dolore ad nostrud magna sint eiusmod. Anim mollit laborum occaecat culpa nulla aliqua proident culpa ipsum velit commodo sint aliquip dolor.', 'https://via.placeholder.com/400/914/fff/?text=location192', 'images/Location Icon.png', 'billboard', '2020-02-07'),
(193, 45, 37.702084, -122.514718, 'Veniam non amet aliquip ad sit officia consectetur. Duis officia adipisicing sit nulla ipsum ad tempor consequat ad pariatur. Veniam incididunt labore id esse proident laborum enim esse in enim voluptate officia in.', 'https://via.placeholder.com/400/747/fff/?text=location193', 'images/Location Icon.png', 'digital ad', '2020-09-20'),
(194, 1, 37.712359, -122.516626, 'Excepteur qui nulla do aute commodo. Non labore cillum incididunt pariatur mollit irure cillum voluptate nisi excepteur. Pariatur consequat deserunt esse est exercitation officia ex deserunt eiusmod ut eiusmod ullamco esse consequat.', 'https://via.placeholder.com/400/878/fff/?text=location194', 'images/Location Icon.png', 'digital ad', '2020-06-23'),
(195, 5, 37.654783, -122.515700, 'Et proident et exercitation adipisicing labore proident occaecat aliquip. Elit culpa consequat eiusmod ad reprehenderit cillum consequat do. Minim esse magna velit aliquip in do non ad magna enim adipisicing non ad.', 'https://via.placeholder.com/400/933/fff/?text=location195', 'images/Location Icon.png', 'poster', '2020-07-24'),
(196, 28, 37.708904, -122.515599, 'Quis aliqua ullamco occaecat pariatur fugiat Lorem amet sit. Labore sit irure cillum est duis laboris do nisi. Eu deserunt proident enim occaecat non dolore est consequat do enim ea officia cupidatat.', 'https://via.placeholder.com/400/858/fff/?text=location196', 'images/Location Icon.png', 'billboard', '2020-02-03'),
(197, 17, 37.650192, -122.518643, 'Eiusmod elit aliquip nulla qui. Commodo commodo minim ea in id et ea velit est incididunt exercitation. Proident aliqua irure exercitation sint laboris nostrud.', 'https://via.placeholder.com/400/790/fff/?text=location197', 'images/Location Icon.png', 'book cover', '2020-03-18'),
(198, 26, 37.611068, -122.518261, 'Deserunt fugiat sunt in deserunt sunt fugiat. Eiusmod consequat officia officia anim ullamco non esse anim do enim reprehenderit cillum reprehenderit ipsum. Elit consequat eu ex aliqua tempor do commodo amet elit ipsum sint labore adipisicing.', 'https://via.placeholder.com/400/891/fff/?text=location198', 'images/Location Icon.png', 'packaging', '2020-10-02'),
(199, 2, 37.655527, -122.516593, 'Dolore ipsum ad non ex voluptate laborum anim. Voluptate cillum ullamco qui nisi reprehenderit labore nostrud deserunt exercitation laborum mollit. Pariatur duis cupidatat minim labore sunt ex laboris.', 'https://via.placeholder.com/400/786/fff/?text=location199', 'images/Location Icon.png', 'sign', '2020-05-10'),
(200, 1, 37.640431, -122.514024, 'Occaecat deserunt in ullamco sunt. Quis elit veniam adipisicing excepteur. Mollit ex est deserunt nulla Lorem quis culpa.', 'https://via.placeholder.com/400/865/fff/?text=location200', 'images/Location Icon.png', 'poster', '2020-02-16'),
(201, 24, 37.721189, -122.514784, 'Sunt voluptate ipsum ullamco elit consequat sint laborum nisi duis officia. Nisi Lorem nulla fugiat ea ut deserunt sint nostrud deserunt mollit reprehenderit id ex. Exercitation cupidatat aute laborum occaecat irure in adipisicing proident nisi.', 'https://via.placeholder.com/400/874/fff/?text=location201', 'images/Location Icon.png', 'billboard', '2020-08-09'),
(202, 44, 37.781718, -122.518018, 'Ex ex ad fugiat ea nulla velit. Adipisicing cupidatat nulla fugiat id. Ipsum tempor ea anim et occaecat.', 'https://via.placeholder.com/400/890/fff/?text=location202', 'images/Location Icon.png', 'packaging', '2020-09-11'),
(203, 26, 37.690814, -122.516760, 'Anim ea est quis dolore non elit officia dolor non eu ut adipisicing. Mollit nulla in anim consectetur nulla laborum nisi sint ad. Veniam fugiat velit irure laborum aute quis minim elit irure.', 'https://via.placeholder.com/400/940/fff/?text=location203', 'images/Location Icon.png', 'poster', '2020-06-24'),
(204, 32, 37.642709, -122.514542, 'Sit nulla laboris occaecat sunt eiusmod voluptate amet deserunt pariatur esse laboris adipisicing. Deserunt et minim sit ipsum aliqua commodo sunt sit irure amet enim dolore minim elit. Ex quis officia aliqua duis.', 'https://via.placeholder.com/400/868/fff/?text=location204', 'images/Location Icon.png', 'sign', '2020-04-10'),
(205, 15, 37.684293, -122.515004, 'Velit ullamco nostrud officia eu deserunt Lorem. Mollit dolore consectetur voluptate dolore consequat est magna officia est non veniam veniam commodo qui. Deserunt eu adipisicing duis do occaecat non.', 'https://via.placeholder.com/400/739/fff/?text=location205', 'images/Location Icon.png', 'sign', '2020-05-02'),
(206, 35, 37.670605, -122.515821, 'Dolor elit labore nostrud consequat in commodo quis est id cillum commodo fugiat. Fugiat dolore consequat ea veniam et veniam. Dolor ipsum irure ut do eiusmod pariatur sunt magna.', 'https://via.placeholder.com/400/731/fff/?text=location206', 'images/Location Icon.png', 'packaging', '2020-01-26'),
(207, 30, 37.665011, -122.518039, 'Reprehenderit consectetur ullamco anim non aute deserunt ea ipsum aliqua reprehenderit cupidatat commodo sint. Irure tempor et velit sunt nostrud id. Lorem duis veniam veniam ad culpa eu cillum fugiat incididunt culpa enim reprehenderit labore.', 'https://via.placeholder.com/400/767/fff/?text=location207', 'images/Location Icon.png', 'sign', '2020-03-21'),
(208, 30, 37.697059, -122.517915, 'Fugiat excepteur esse nostrud ullamco non aliquip quis commodo. Reprehenderit laborum laboris quis dolor ad. Eiusmod elit nisi eu irure cupidatat minim reprehenderit.', 'https://via.placeholder.com/400/880/fff/?text=location208', 'images/Location Icon.png', 'sign', '2020-03-16'),
(209, 30, 37.629890, -122.515653, 'Officia Lorem aliquip nostrud qui dolor Lorem minim proident ut esse id voluptate. Tempor anim excepteur anim reprehenderit aliquip. Exercitation esse tempor pariatur magna excepteur voluptate ex amet Lorem cillum est consequat ex.', 'https://via.placeholder.com/400/806/fff/?text=location209', 'images/Location Icon.png', 'book cover', '2020-01-19'),
(210, 10, 37.607331, -122.516161, 'Exercitation quis in reprehenderit excepteur ea nulla esse voluptate ut ullamco irure. Elit velit eu culpa adipisicing ex est do et pariatur in incididunt. Eiusmod reprehenderit labore nostrud dolor.', 'https://via.placeholder.com/400/755/fff/?text=location210', 'images/Location Icon.png', 'poster', '2020-10-06'),
(211, 23, 37.618930, -122.516501, 'Irure dolore aliqua aliqua ut aute aliqua quis. Do esse duis Lorem velit velit amet magna nisi. Dolor excepteur deserunt cupidatat est magna magna officia et incididunt.', 'https://via.placeholder.com/400/921/fff/?text=location211', 'images/Location Icon.png', 'packaging', '2020-04-03'),
(212, 40, 37.727705, -122.516163, 'Adipisicing aliqua exercitation non sunt fugiat esse id consectetur elit. Eiusmod non consequat tempor aliquip consectetur Lorem occaecat deserunt. Sit anim fugiat laborum voluptate ut ex aliqua est consectetur deserunt commodo pariatur.', 'https://via.placeholder.com/400/794/fff/?text=location212', 'images/Location Icon.png', 'sign', '2020-06-23'),
(213, 13, 37.733802, -122.517798, 'Sit duis irure qui eiusmod enim dolor nulla adipisicing. Voluptate laborum duis veniam consequat dolore ipsum culpa incididunt sint nisi eiusmod mollit. Magna aute occaecat veniam pariatur mollit ex veniam occaecat quis culpa consectetur non est.', 'https://via.placeholder.com/400/746/fff/?text=location213', 'images/Location Icon.png', 'packaging', '2020-02-12'),
(214, 19, 37.676843, -122.518431, 'Nulla officia ipsum duis elit dolor cillum nostrud minim irure esse. Voluptate anim amet commodo consequat enim. Consectetur voluptate quis sit consectetur voluptate est occaecat consequat nulla quis adipisicing magna.', 'https://via.placeholder.com/400/900/fff/?text=location214', 'images/Location Icon.png', 'sign', '2020-09-23'),
(215, 30, 37.766378, -122.516085, 'Ex laboris occaecat esse ullamco ea laboris commodo elit exercitation occaecat. Pariatur esse eu elit adipisicing. Aliqua amet Lorem ullamco elit exercitation officia officia nulla magna.', 'https://via.placeholder.com/400/961/fff/?text=location215', 'images/Location Icon.png', 'billboard', '2020-01-06'),
(216, 33, 37.741988, -122.516192, 'Aliquip officia eu nulla dolore. Est minim dolor in aute qui elit ad et ex nulla. Et cillum aute eiusmod ea commodo aliquip occaecat laborum cupidatat.', 'https://via.placeholder.com/400/780/fff/?text=location216', 'images/Location Icon.png', 'billboard', '2020-05-05'),
(217, 40, 37.653155, -122.516392, 'Qui sit aliquip voluptate culpa ipsum. Sit ut velit occaecat Lorem enim ullamco. Amet et dolor reprehenderit aliqua dolor.', 'https://via.placeholder.com/400/742/fff/?text=location217', 'images/Location Icon.png', 'billboard', '2020-01-29'),
(218, 21, 37.688856, -122.514536, 'Non dolor do ea dolor ut dolor eu Lorem ipsum ex sit tempor. Magna incididunt irure et est officia quis incididunt. Est ipsum eu eu dolore consectetur sunt fugiat cupidatat.', 'https://via.placeholder.com/400/741/fff/?text=location218', 'images/Location Icon.png', 'billboard', '2020-04-04'),
(219, 4, 37.619750, -122.517629, 'Do eu tempor qui irure eu ut ut non do consequat enim eu culpa. Labore tempor incididunt cillum dolore occaecat do aliquip laborum pariatur incididunt ipsum. Mollit culpa commodo sunt irure dolor eu ad eiusmod irure cillum Lorem incididunt.', 'https://via.placeholder.com/400/860/fff/?text=location219', 'images/Location Icon.png', 'packaging', '2020-02-27'),
(220, 18, 37.741250, -122.514729, 'Quis velit minim ex ut quis fugiat. Sit tempor nostrud magna ut cillum labore pariatur culpa. Dolor incididunt fugiat amet elit commodo exercitation dolore exercitation.', 'https://via.placeholder.com/400/799/fff/?text=location220', 'images/Location Icon.png', 'digital ad', '2020-07-11'),
(221, 49, 37.692892, -122.515857, 'Ipsum aliquip eiusmod laboris nulla sint nostrud excepteur pariatur irure tempor. Qui anim est officia dolor deserunt voluptate. Sit amet do nulla labore sunt occaecat commodo minim laboris tempor nulla laborum.', 'https://via.placeholder.com/400/930/fff/?text=location221', 'images/Location Icon.png', 'poster', '2020-06-07'),
(222, 46, 37.614944, -122.516067, 'Fugiat do deserunt sint cupidatat labore dolor ut duis commodo. Id amet ea velit pariatur non laboris elit voluptate. Esse sint ex amet in deserunt proident eu exercitation tempor exercitation.', 'https://via.placeholder.com/400/746/fff/?text=location222', 'images/Location Icon.png', 'billboard', '2020-02-21'),
(223, 27, 37.703965, -122.514928, 'Excepteur aute esse excepteur voluptate sint occaecat id ad. Est proident pariatur excepteur Lorem in tempor aliquip id consequat commodo laboris ea. Eiusmod deserunt ex aliquip enim exercitation laboris exercitation do occaecat excepteur ut consectetur laborum culpa.', 'https://via.placeholder.com/400/928/fff/?text=location223', 'images/Location Icon.png', 'packaging', '2020-07-18'),
(224, 29, 37.734385, -122.514545, 'Laborum sit elit elit labore adipisicing ad reprehenderit est consequat. Consectetur labore qui non ex. Amet culpa ex est est proident eu occaecat pariatur cupidatat dolor ex enim reprehenderit et.', 'https://via.placeholder.com/400/967/fff/?text=location224', 'images/Location Icon.png', 'billboard', '2020-07-27'),
(225, 20, 37.743277, -122.518106, 'Et consequat voluptate dolor sunt. Ad aliquip laboris ut laboris in in. Do aute esse et ipsum nostrud laboris sunt commodo ipsum excepteur.', 'https://via.placeholder.com/400/952/fff/?text=location225', 'images/Location Icon.png', 'packaging', '2020-05-21'),
(226, 30, 37.736161, -122.515658, 'Excepteur veniam occaecat ut eiusmod fugiat ut ullamco in. Tempor ex sunt elit est enim deserunt occaecat labore excepteur aliqua fugiat nostrud qui. Mollit est cillum deserunt ut in ipsum aute ut in excepteur labore.', 'https://via.placeholder.com/400/828/fff/?text=location226', 'images/Location Icon.png', 'poster', '2020-09-06'),
(227, 21, 37.629128, -122.517750, 'Velit irure esse duis velit labore velit proident elit qui. Irure deserunt eiusmod minim commodo elit eu quis enim eiusmod. Magna incididunt qui ea ea adipisicing officia velit sunt.', 'https://via.placeholder.com/400/889/fff/?text=location227', 'images/Location Icon.png', 'poster', '2020-05-27'),
(228, 18, 37.743949, -122.515078, 'Mollit nulla non incididunt aliquip dolore amet ad cupidatat. Quis elit reprehenderit amet cupidatat cillum. Ad ut excepteur tempor eu anim deserunt sunt commodo consequat enim nulla officia consectetur occaecat.', 'https://via.placeholder.com/400/859/fff/?text=location228', 'images/Location Icon.png', 'billboard', '2020-07-22'),
(229, 29, 37.622350, -122.517018, 'Id duis mollit consequat et magna enim ex deserunt et sit magna quis. Adipisicing consectetur sit dolore labore commodo sint. Quis do quis pariatur ipsum commodo elit aute.', 'https://via.placeholder.com/400/930/fff/?text=location229', 'images/Location Icon.png', 'packaging', '2020-05-24'),
(230, 41, 37.788000, -122.518060, 'Ad nulla cupidatat amet elit in ullamco velit adipisicing eiusmod do ullamco. Incididunt Lorem in Lorem est magna est veniam dolor. Proident elit do nostrud non ullamco fugiat reprehenderit laborum Lorem Lorem mollit.', 'https://via.placeholder.com/400/824/fff/?text=location230', 'images/Location Icon.png', 'book cover', '2020-04-16'),
(231, 25, 37.693391, -122.517545, 'Dolore id exercitation est est id cupidatat proident cupidatat est reprehenderit ex ipsum. Ea voluptate commodo nisi proident adipisicing magna cupidatat laborum amet amet pariatur reprehenderit elit. Amet ad do sunt sit velit aliqua ad sit.', 'https://via.placeholder.com/400/857/fff/?text=location231', 'images/Location Icon.png', 'packaging', '2020-05-22'),
(232, 37, 37.725207, -122.516394, 'Officia laboris voluptate voluptate commodo sit. Enim ipsum elit dolor Lorem sit cillum adipisicing irure minim velit ex sit reprehenderit. Ex sit velit ullamco non ad aliquip dolor cillum.', 'https://via.placeholder.com/400/899/fff/?text=location232', 'images/Location Icon.png', 'billboard', '2020-06-28'),
(233, 8, 37.686355, -122.518287, 'Sit laborum et deserunt Lorem eiusmod nostrud non elit elit mollit. Sit aliquip mollit elit sint ad Lorem deserunt non ea. Occaecat non do labore cillum magna consequat amet.', 'https://via.placeholder.com/400/949/fff/?text=location233', 'images/Location Icon.png', 'digital ad', '2020-08-24'),
(234, 3, 37.753150, -122.513913, 'Tempor aliqua id do nulla reprehenderit consequat laborum tempor quis sint velit. Cillum velit dolore in qui adipisicing tempor. Minim amet ullamco incididunt proident.', 'https://via.placeholder.com/400/736/fff/?text=location234', 'images/Location Icon.png', 'billboard', '2020-08-21'),
(235, 21, 37.750894, -122.517079, 'Esse minim laborum nulla ex fugiat magna. Pariatur aliquip enim deserunt adipisicing sit commodo ut ea consectetur esse nisi nisi occaecat id. Ullamco ad enim dolore laborum voluptate anim incididunt proident nisi.', 'https://via.placeholder.com/400/890/fff/?text=location235', 'images/Location Icon.png', 'billboard', '2020-02-11'),
(236, 15, 37.714748, -122.516762, 'Occaecat velit reprehenderit enim ad pariatur. Mollit in nostrud enim est ut tempor adipisicing et eu ullamco. Amet mollit sint ipsum magna anim cupidatat.', 'https://via.placeholder.com/400/748/fff/?text=location236', 'images/Location Icon.png', 'poster', '2020-01-18'),
(237, 4, 37.628164, -122.515509, 'Aliquip ut elit adipisicing laboris consectetur voluptate consequat cupidatat Lorem dolore laborum adipisicing tempor excepteur. Mollit sunt do velit excepteur ex ea cillum consectetur magna sit cupidatat Lorem laboris proident. Deserunt veniam anim laborum id Lorem reprehenderit laboris magna in.', 'https://via.placeholder.com/400/775/fff/?text=location237', 'images/Location Icon.png', 'billboard', '2020-01-28'),
(238, 1, 37.662527, -122.517688, 'Amet ex incididunt labore ea magna officia culpa excepteur cillum elit incididunt proident quis consectetur. Incididunt qui do voluptate dolor ex. Nostrud ad proident amet tempor id fugiat duis cillum.', 'https://via.placeholder.com/400/818/fff/?text=location238', 'images/Location Icon.png', 'billboard', '2020-10-11'),
(239, 4, 37.790815, -122.518395, 'Do duis laborum reprehenderit nisi sint sint ad ex qui. Officia dolore eu amet exercitation officia nulla mollit adipisicing adipisicing dolor velit sunt consequat. Officia excepteur ullamco sunt proident ex consequat cillum sint fugiat incididunt aute consequat eu.', 'https://via.placeholder.com/400/808/fff/?text=location239', 'images/Location Icon.png', 'digital ad', '2020-03-02'),
(240, 12, 37.628399, -122.516007, 'Ipsum qui officia adipisicing laborum ut id. Tempor nisi excepteur anim duis anim qui. Id voluptate Lorem magna minim veniam ex irure sit quis exercitation.', 'https://via.placeholder.com/400/992/fff/?text=location240', 'images/Location Icon.png', 'digital ad', '2020-06-01'),
(241, 14, 37.679219, -122.517387, 'Qui eu cillum do mollit sint esse sint culpa deserunt nostrud aute. Aute Lorem quis irure velit et aliqua dolore cillum commodo pariatur aute. Voluptate Lorem ad eu proident.', 'https://via.placeholder.com/400/875/fff/?text=location241', 'images/Location Icon.png', 'book cover', '2020-09-30'),
(242, 9, 37.678958, -122.514256, 'Tempor cupidatat non sunt voluptate consequat sint adipisicing. Id exercitation est ex amet labore tempor consectetur magna sunt ea esse est laborum Lorem. Ad officia ipsum Lorem veniam do velit ipsum do amet sunt irure.', 'https://via.placeholder.com/400/939/fff/?text=location242', 'images/Location Icon.png', 'billboard', '2020-06-12'),
(243, 39, 37.793611, -122.515535, 'Voluptate et Lorem do sint consectetur. Id proident enim esse deserunt adipisicing exercitation minim dolore elit esse commodo esse elit. Est elit ullamco cillum aute fugiat.', 'https://via.placeholder.com/400/797/fff/?text=location243', 'images/Location Icon.png', 'book cover', '2020-02-10'),
(244, 40, 37.774712, -122.516754, 'Ipsum veniam nisi cillum ex cillum ad culpa consectetur ut officia. Id proident cillum anim dolore culpa exercitation magna eu proident aute. Anim cillum ipsum minim cupidatat magna sunt occaecat ipsum qui.', 'https://via.placeholder.com/400/750/fff/?text=location244', 'images/Location Icon.png', 'packaging', '2020-05-17'),
(245, 12, 37.693152, -122.518022, 'Voluptate proident quis cillum reprehenderit amet. In aute incididunt ipsum irure consectetur non commodo aute ullamco est duis sit veniam ipsum. Id tempor non adipisicing anim occaecat exercitation aute qui voluptate reprehenderit commodo amet laborum sunt.', 'https://via.placeholder.com/400/815/fff/?text=location245', 'images/Location Icon.png', 'digital ad', '2020-08-14'),
(246, 26, 37.776495, -122.518905, 'Enim sint mollit in deserunt. Est qui ut ad pariatur esse officia voluptate mollit laboris do incididunt qui mollit. Sint aute irure consequat aute dolor laboris ea eu eu.', 'https://via.placeholder.com/400/956/fff/?text=location246', 'images/Location Icon.png', 'digital ad', '2020-04-20'),
(247, 10, 37.645278, -122.515653, 'Sit reprehenderit elit veniam laborum nisi nulla cupidatat. Culpa adipisicing cupidatat Lorem in duis mollit sunt excepteur deserunt eiusmod minim exercitation culpa. Nulla ad ullamco qui amet non minim sunt velit consequat aute dolore duis.', 'https://via.placeholder.com/400/787/fff/?text=location247', 'images/Location Icon.png', 'billboard', '2020-10-09'),
(248, 34, 37.782241, -122.516517, 'Qui enim consectetur laboris veniam officia dolor sit nisi nisi qui. Adipisicing aute dolor ullamco duis laboris sunt exercitation magna dolor anim proident duis occaecat. Dolore pariatur ex dolor dolore eiusmod quis est esse pariatur commodo nisi adipisicing.', 'https://via.placeholder.com/400/963/fff/?text=location248', 'images/Location Icon.png', 'billboard', '2020-06-18'),
(249, 44, 37.641157, -122.518604, 'Id pariatur in occaecat nulla magna dolor nulla est pariatur eiusmod eiusmod in. Amet excepteur anim labore nisi. Deserunt irure adipisicing incididunt commodo fugiat id mollit ipsum eiusmod enim qui irure enim consequat.', 'https://via.placeholder.com/400/981/fff/?text=location249', 'images/Location Icon.png', 'packaging', '2020-10-19'),
(250, 21, 37.610868, -122.516990, 'Labore id magna pariatur in reprehenderit mollit aliquip id nisi. Ut est velit dolore tempor magna aliquip est cupidatat eiusmod anim sit ad nisi aliquip. Id pariatur veniam est nostrud occaecat ex mollit ea aliquip.', 'https://via.placeholder.com/400/763/fff/?text=location250', 'images/Location Icon.png', 'poster', '2020-02-18');

-- --------------------------------------------------------

--
-- Table structure for table `track_types`
--

CREATE TABLE `track_types` (
  `id` int(11) NOT NULL,
  `user_id` int(11) NOT NULL,
  `name` varchar(64) NOT NULL,
  `category` varchar(64) NOT NULL,
  `classification` varchar(64) NOT NULL,
  `img` varchar(256) NOT NULL,
  `number_spot` int(5) NOT NULL,
  `last_spot` date NOT NULL
) ENGINE=MyISAM DEFAULT CHARSET=latin1;

--
-- Dumping data for table `track_types`
--

INSERT INTO `track_types` (`id`, `user_id`, `name`, `category`, `classification`, `img`, `number_spot`, `last_spot`) VALUES
(1, 2, 'Helvetica', 'Sans Serif', 'Neo-Grotesque', 'https://via.placeholder.com/400/883/fff/?text=Helvetica', 17, '2020-10-20'),
(2, 9, 'Avenir', 'Sans Serif', 'Geometric', 'https://via.placeholder.com/400/884/fff/?text=Avenir', 8, '2020-02-15'),
(3, 8, 'Times', 'Serif', 'Transitional', 'https://via.placeholder.com/400/898/fff/?text=Times', 5, '2020-02-20'),
(4, 5, 'Gibson', 'Sans Serif', 'Humanist', 'https://via.placeholder.com/400/804/fff/?text=Gibson', 13, '2020-01-10'),
(5, 4, 'Montserrat', 'Sans Serif', 'Geometric', 'https://via.placeholder.com/400/709/fff/?text=Montserrat', 2, '2020-03-10'),
(6, 7, 'Open Sans', 'Sans Serif', 'Humanist', 'https://via.placeholder.com/400/967/fff/?text=Open Sans', 20, '2020-06-07'),
(7, 4, 'Caslon', 'Serif', 'Old-Style', 'https://via.placeholder.com/400/725/fff/?text=Caslon', 10, '2020-09-05'),
(8, 8, 'Cambria', 'Serif', 'Transitional', 'https://via.placeholder.com/400/867/fff/?text=Cambria', 11, '2020-07-10'),
(9, 1, 'Mrs Eaves', 'Serif', 'Transitional', 'https://via.placeholder.com/400/948/fff/?text=Mrs Eaves', 20, '2020-01-14'),
(10, 8, 'Trajan', 'Serif', 'Display Serif', 'https://via.placeholder.com/400/772/fff/?text=Trajan', 16, '2020-10-28'),
(11, 2, 'Avenir', 'Sans Serif', 'Geometric', 'https://via.placeholder.com/400/807/fff/?text=Avenir', 3, '2020-05-23'),
(12, 4, 'Arial', 'Sans Serif', 'Neo-Grotesque', 'https://via.placeholder.com/400/735/fff/?text=Arial', 6, '2020-03-12'),
(13, 1, 'Clarendon', 'Serif', 'Slab Serif', 'https://via.placeholder.com/400/759/fff/?text=Clarendon', 7, '2020-07-05'),
(14, 1, 'Rockwell', 'Serif', 'Slab Serif', 'https://via.placeholder.com/400/810/fff/?text=Rockwell', 8, '2020-03-07'),
(15, 7, 'Montserrat', 'Sans Serif', 'Geometric', 'https://via.placeholder.com/400/733/fff/?text=Montserrat', 13, '2020-01-24'),
(16, 10, 'Baskerville', 'Serif', 'Transitional', 'https://via.placeholder.com/400/951/fff/?text=Baskerville', 8, '2020-02-19'),
(17, 9, 'Verdana', 'Sans Serif', 'Humanist', 'https://via.placeholder.com/400/953/fff/?text=Verdana', 15, '2020-02-03'),
(18, 9, 'Times', 'Serif', 'Transitional', 'https://via.placeholder.com/400/875/fff/?text=Times', 9, '2020-10-11'),
(19, 3, 'Adelle', 'Serif', 'Slab Serif', 'https://via.placeholder.com/400/829/fff/?text=Adelle', 17, '2020-05-10'),
(20, 8, 'Cambria', 'Serif', 'Transitional', 'https://via.placeholder.com/400/893/fff/?text=Cambria', 18, '2020-05-25'),
(21, 6, 'Bembo', 'Serif', 'Old-Style', 'https://via.placeholder.com/400/739/fff/?text=Bembo', 4, '2020-07-23'),
(22, 3, 'Verdana', 'Sans Serif', 'Humanist', 'https://via.placeholder.com/400/924/fff/?text=Verdana', 18, '2020-09-28'),
(23, 7, 'Gotham', 'Sans Serif', 'Geometric', 'https://via.placeholder.com/400/900/fff/?text=Gotham', 3, '2020-07-09'),
(24, 4, 'Optima', 'Sans Serif', 'Humanist', 'https://via.placeholder.com/400/871/fff/?text=Optima', 6, '2020-10-23'),
(25, 6, 'Futura', 'Sans Serif', 'Geometric', 'https://via.placeholder.com/400/713/fff/?text=Futura', 13, '2020-01-28'),
(26, 9, 'Myriad', 'Sans Serif', 'Humanist', 'https://via.placeholder.com/400/946/fff/?text=Myriad', 11, '2020-05-30'),
(27, 2, 'Cambria', 'Serif', 'Transitional', 'https://via.placeholder.com/400/835/fff/?text=Cambria', 20, '2020-10-05'),
(28, 3, 'Calibri', 'Sans Serif', 'Humanist', 'https://via.placeholder.com/400/715/fff/?text=Calibri', 11, '2020-04-01'),
(29, 9, 'Helvetica', 'Sans Serif', 'Neo-Grotesque', 'https://via.placeholder.com/400/913/fff/?text=Helvetica', 6, '2020-01-13'),
(30, 5, 'Open Sans', 'Sans Serif', 'Humanist', 'https://via.placeholder.com/400/803/fff/?text=Open Sans', 13, '2020-10-18'),
(31, 6, 'Goudy', 'Serif', 'Old-Style', 'https://via.placeholder.com/400/777/fff/?text=Goudy', 10, '2020-10-14'),
(32, 7, 'Bembo', 'Serif', 'Old-Style', 'https://via.placeholder.com/400/922/fff/?text=Bembo', 15, '2020-07-13'),
(33, 9, 'Caslon', 'Serif', 'Old-Style', 'https://via.placeholder.com/400/864/fff/?text=Caslon', 14, '2020-10-10'),
(34, 10, 'Proxima Nova', 'Sans Serif', 'Geometric', 'https://via.placeholder.com/400/871/fff/?text=Proxima Nova', 9, '2020-04-17'),
(35, 9, 'Myriad', 'Sans Serif', 'Humanist', 'https://via.placeholder.com/400/946/fff/?text=Myriad', 14, '2020-07-17'),
(36, 1, 'Futura', 'Sans Serif', 'Geometric', 'https://via.placeholder.com/400/782/fff/?text=Futura', 8, '2020-08-15'),
(37, 9, 'Lucida Sans', 'Sans Serif', 'Humanist', 'https://via.placeholder.com/400/895/fff/?text=Lucida Sans', 19, '2020-08-04'),
(38, 1, 'Bodoni', 'Serif', 'Didone', 'https://via.placeholder.com/400/821/fff/?text=Bodoni', 6, '2020-03-18'),
(39, 10, 'Lucida Sans', 'Sans Serif', 'Humanist', 'https://via.placeholder.com/400/809/fff/?text=Lucida Sans', 14, '2020-01-17'),
(40, 5, 'Century Gothic', 'Sans Serif', 'Geometric', 'https://via.placeholder.com/400/780/fff/?text=Century Gothic', 2, '2020-03-01'),
(41, 7, 'Lato', 'Sans Serif', 'Humanist', 'https://via.placeholder.com/400/884/fff/?text=Lato', 19, '2020-06-18'),
(42, 7, 'Times', 'Serif', 'Transitional', 'https://via.placeholder.com/400/890/fff/?text=Times', 17, '2020-04-11'),
(43, 9, 'Proxima Nova', 'Sans Serif', 'Geometric', 'https://via.placeholder.com/400/723/fff/?text=Proxima Nova', 9, '2020-03-14'),
(44, 9, 'Verdana', 'Sans Serif', 'Humanist', 'https://via.placeholder.com/400/808/fff/?text=Verdana', 17, '2020-01-01'),
(45, 7, 'Gill Sans', 'Sans Serif', 'Humanist', 'https://via.placeholder.com/400/902/fff/?text=Gill Sans', 16, '2020-05-04'),
(46, 9, 'Georgia', 'Serif', 'Transitional', 'https://via.placeholder.com/400/969/fff/?text=Georgia', 9, '2020-08-11'),
(47, 1, 'Caslon', 'Serif', 'Old-Style', 'https://via.placeholder.com/400/958/fff/?text=Caslon', 1, '2020-05-14'),
(48, 9, 'Hoefler', 'Serif', 'Old-Style', 'https://via.placeholder.com/400/873/fff/?text=Hoefler', 16, '2020-05-22'),
(49, 10, 'Optima', 'Sans Serif', 'Humanist', 'https://via.placeholder.com/400/735/fff/?text=Optima', 14, '2020-04-09'),
(50, 7, 'Franklin Gothic', 'Sans Serif', 'Grotesque', 'https://via.placeholder.com/400/964/fff/?text=Franklin Gothic', 11, '2020-07-18');

-- --------------------------------------------------------

--
-- Table structure for table `track_users`
--

CREATE TABLE `track_users` (
  `id` int(11) NOT NULL,
  `name` varchar(64) NOT NULL,
  `username` varchar(64) NOT NULL,
  `email` varchar(128) NOT NULL,
  `password` varchar(32) NOT NULL,
  `phone` varchar(15) NOT NULL,
  `types_spot` int(5) NOT NULL,
  `locations_spot` int(5) NOT NULL,
  `img` varchar(256) NOT NULL
) ENGINE=MyISAM DEFAULT CHARSET=latin1;

--
-- Dumping data for table `track_users`
--

INSERT INTO `track_users` (`id`, `name`, `username`, `email`, `password`, `phone`, `types_spot`, `locations_spot`, `img`) VALUES
(1, 'Cleveland Winters', 'user1', 'user1@gmail.com', '1a1dc91c907325c69271ddf0c944bc72', '(949) 514-3619', 4, 12, 'https://via.placeholder.com/400/911/fff/?text=user1'),
(2, 'Audrey Erickson', 'user2', 'user2@gmail.com', '1a1dc91c907325c69271ddf0c944bc72', '(839) 520-2463', 12, 12, 'https://via.placeholder.com/400/706/fff/?text=user2'),
(3, 'Weaver Haney', 'user3', 'user3@gmail.com', '1a1dc91c907325c69271ddf0c944bc72', '(967) 412-2552', 14, 14, 'https://via.placeholder.com/400/960/fff/?text=user3'),
(4, 'Annmarie Wilder', 'user4', 'user4@gmail.com', '1a1dc91c907325c69271ddf0c944bc72', '(826) 584-3761', 9, 27, 'https://via.placeholder.com/400/872/fff/?text=user4'),
(5, 'Sheri Bush', 'user5', 'user5@gmail.com', '1a1dc91c907325c69271ddf0c944bc72', '(893) 565-2950', 10, 30, 'https://via.placeholder.com/400/934/fff/?text=user5'),
(6, 'Laverne Carrillo', 'user6', 'user6@gmail.com', '1a1dc91c907325c69271ddf0c944bc72', '(904) 408-3635', 6, 18, 'https://via.placeholder.com/400/802/fff/?text=user6'),
(7, 'Merle Gillespie', 'user7', 'user7@gmail.com', '1a1dc91c907325c69271ddf0c944bc72', '(941) 580-3223', 7, 7, 'https://via.placeholder.com/400/862/fff/?text=user7'),
(8, 'Kendra Wright', 'user8', 'user8@gmail.com', '1a1dc91c907325c69271ddf0c944bc72', '(827) 512-2516', 4, 8, 'https://via.placeholder.com/400/914/fff/?text=user8'),
(9, 'Shelby Leonard', 'user9', 'user9@gmail.com', '1a1dc91c907325c69271ddf0c944bc72', '(888) 533-2464', 3, 3, 'https://via.placeholder.com/400/911/fff/?text=user9'),
(10, 'Kim Barrett', 'user10', 'user10@gmail.com', '1a1dc91c907325c69271ddf0c944bc72', '(826) 427-3305', 6, 6, 'https://via.placeholder.com/400/998/fff/?text=user10');

--
-- Indexes for dumped tables
--

--
-- Indexes for table `track_locations`
--
ALTER TABLE `track_locations`
  ADD PRIMARY KEY (`id`);

--
-- Indexes for table `track_types`
--
ALTER TABLE `track_types`
  ADD PRIMARY KEY (`id`);

--
-- Indexes for table `track_users`
--
ALTER TABLE `track_users`
  ADD PRIMARY KEY (`id`);

--
-- AUTO_INCREMENT for dumped tables
--

--
-- AUTO_INCREMENT for table `track_locations`
--
ALTER TABLE `track_locations`
  MODIFY `id` int(11) NOT NULL AUTO_INCREMENT, AUTO_INCREMENT=251;

--
-- AUTO_INCREMENT for table `track_types`
--
ALTER TABLE `track_types`
  MODIFY `id` int(11) NOT NULL AUTO_INCREMENT, AUTO_INCREMENT=51;

--
-- AUTO_INCREMENT for table `track_users`
--
ALTER TABLE `track_users`
  MODIFY `id` int(11) NOT NULL AUTO_INCREMENT, AUTO_INCREMENT=11;
COMMIT;

/*!40101 SET CHARACTER_SET_CLIENT=@OLD_CHARACTER_SET_CLIENT */;
/*!40101 SET CHARACTER_SET_RESULTS=@OLD_CHARACTER_SET_RESULTS */;
/*!40101 SET COLLATION_CONNECTION=@OLD_COLLATION_CONNECTION */;
