-- phpMyAdmin SQL Dump
-- version 4.9.4
-- https://www.phpmyadmin.net/
--
-- Host: localhost:3306
-- Generation Time: Nov 28, 2020 at 04:18 PM
-- Server version: 5.6.49-cll-lve
-- PHP Version: 7.3.6

SET SQL_MODE = "NO_AUTO_VALUE_ON_ZERO";
SET AUTOCOMMIT = 0;
START TRANSACTION;
SET time_zone = "+00:00";


/*!40101 SET @OLD_CHARACTER_SET_CLIENT=@@CHARACTER_SET_CLIENT */;
/*!40101 SET @OLD_CHARACTER_SET_RESULTS=@@CHARACTER_SET_RESULTS */;
/*!40101 SET @OLD_COLLATION_CONNECTION=@@COLLATION_CONNECTION */;
/*!40101 SET NAMES utf8mb4 */;

--
-- Database: `type_journal`
--

-- --------------------------------------------------------

--
-- Table structure for table `track_locations`
--

CREATE TABLE `track_locations` (
  `id` int(11) NOT NULL,
  `type_id` int(11) NOT NULL,
  `lat` decimal(9,6) NOT NULL,
  `lng` decimal(9,6) NOT NULL,
  `note` text NOT NULL,
  `img` varchar(256) NOT NULL,
  `icon` varchar(256) NOT NULL,
  `application` varchar(64) NOT NULL,
  `date_create` date NOT NULL
) ENGINE=MyISAM DEFAULT CHARSET=latin1;

--
-- Dumping data for table `track_locations`
--

INSERT INTO `track_locations` (`id`, `type_id`, `lat`, `lng`, `note`, `img`, `icon`, `application`, `date_create`) VALUES
(1, 29, 37.689086, -122.493684, 'Eu officia voluptate sint velit proident ut anim consequat. Lorem id anim est nostrud tempor. Amet nostrud ex exercitation culpa laborum anim ullamco dolor et tempor.', 'https://via.placeholder.com/400/873/fff/?text=location1', 'images/Location Icon.png', 'Sign', '2020-03-24'),
(2, 36, 37.678620, -122.501876, 'Enim sunt duis aliquip enim. Esse non do pariatur enim aliquip amet. Nostrud dolore adipisicing cupidatat eiusmod aute ipsum consequat eiusmod incididunt do esse.', 'https://via.placeholder.com/400/928/fff/?text=location2', 'images/Location Icon.png', 'Sign', '2020-09-06'),
(3, 47, 37.742728, -122.485628, 'Mollit ullamco in cillum nulla deserunt Lorem id incididunt cupidatat aliqua. Exercitation excepteur laboris fugiat veniam fugiat nisi amet adipisicing. Eiusmod cupidatat nostrud et est tempor qui proident reprehenderit nulla laborum.', 'https://via.placeholder.com/400/924/fff/?text=location3', 'images/Location Icon.png', 'Poster', '2020-05-01'),
(4, 3, 37.775284, -122.494976, 'Enim qui consequat proident officia nulla pariatur do nostrud dolor aliquip eu. Dolore qui proident officia pariatur sint magna. Culpa exercitation Lorem occaecat tempor irure.', 'https://via.placeholder.com/400/904/fff/?text=location4', 'images/Location Icon.png', 'Digital ad', '2020-07-13'),
(5, 17, 37.677540, -122.396829, 'Anim voluptate ullamco voluptate adipisicing eu. Pariatur et duis commodo officia. Ut velit incididunt occaecat ex elit consectetur consectetur voluptate culpa ipsum id sunt ad proident.', 'https://via.placeholder.com/400/871/fff/?text=location5', 'images/Location Icon.png', 'Digital ad', '2020-06-05'),
(6, 17, 37.723051, -122.452553, 'Enim qui in in elit aute pariatur. Ipsum incididunt excepteur nulla occaecat nostrud qui dolor do laboris labore pariatur. Minim officia nisi consequat aute eiusmod veniam cupidatat aliqua deserunt adipisicing voluptate do anim sit.', 'https://via.placeholder.com/400/887/fff/?text=location6', 'images/Location Icon.png', 'Packaging', '2020-10-08'),
(7, 46, 37.715125, -122.443373, 'Et est ut occaecat excepteur est dolor duis id. Magna incididunt dolor in irure id eiusmod. Eiusmod quis eiusmod in labore do est incididunt cillum proident aute non consequat cupidatat.', 'https://via.placeholder.com/400/700/fff/?text=location7', 'images/Location Icon.png', 'Poster', '2020-05-23'),
(8, 21, 37.701644, -122.413538, 'Velit duis cupidatat cillum est reprehenderit sit culpa. Laboris veniam Lorem adipisicing deserunt adipisicing adipisicing Lorem esse adipisicing do. Ea occaecat laborum proident mollit nisi exercitation exercitation.', 'https://via.placeholder.com/400/791/fff/?text=location8', 'images/Location Icon.png', 'Packaging', '2020-03-07'),
(9, 1, 37.697179, -122.414207, 'Velit incididunt labore cillum ipsum ad commodo fugiat consectetur ipsum. Commodo pariatur sit voluptate in non laborum tempor cillum do do commodo ea nostrud. Voluptate occaecat sunt incididunt sit ex.', 'https://via.placeholder.com/400/726/fff/?text=location9', 'images/Location Icon.png', 'Poster', '2020-01-09'),
(10, 27, 37.652672, -122.428157, 'Minim reprehenderit ut officia qui. Ipsum duis veniam enim excepteur laboris qui velit incididunt est et minim occaecat laboris labore. Sit qui incididunt sit duis commodo est.', 'https://via.placeholder.com/400/769/fff/?text=location10', 'images/Location Icon.png', 'Book cover', '2020-05-25'),
(11, 22, 37.733948, -122.506506, 'In consequat laborum excepteur consequat laboris qui labore exercitation et sunt aliquip ipsum. Magna dolore qui dolore exercitation dolore qui reprehenderit cillum qui. Quis eu proident enim incididunt aliqua nisi culpa culpa.', 'https://via.placeholder.com/400/987/fff/?text=location11', 'images/Location Icon.png', 'Packaging', '2020-03-11'),
(12, 49, 37.646196, -122.475630, 'Minim occaecat voluptate culpa quis dolore dolore esse in sint irure id. Consectetur tempor excepteur amet aliquip ut id consequat ut anim elit nostrud ut aliquip. Culpa occaecat ex tempor culpa officia deserunt qui ipsum est nulla aliqua.', 'https://via.placeholder.com/400/819/fff/?text=location12', 'images/Location Icon.png', 'Packaging', '2020-01-17'),
(13, 9, 37.667750, -122.480179, 'Enim qui eu in non magna sit proident tempor consectetur cupidatat. Non excepteur ea deserunt ea occaecat. Commodo et ad laborum consequat excepteur nulla consectetur fugiat consequat nulla.', 'https://via.placeholder.com/400/804/fff/?text=location13', 'images/Location Icon.png', 'Billboard', '2020-11-19'),
(14, 14, 37.674936, -122.399332, 'In et esse anim reprehenderit ullamco. Eiusmod adipisicing veniam cillum qui nulla consequat duis velit mollit pariatur cillum. Aute nulla occaecat ut ea enim laborum do commodo deserunt.', 'https://via.placeholder.com/400/984/fff/?text=location14', 'images/Location Icon.png', 'Digital ad', '2020-11-20'),
(15, 41, 37.706648, -122.413049, 'Reprehenderit ut laborum anim laboris eiusmod do adipisicing laboris amet. Nisi commodo exercitation ea consectetur sit ullamco. Duis Lorem culpa duis sint dolor.', 'https://via.placeholder.com/400/951/fff/?text=location15', 'images/Location Icon.png', 'Book cover', '2020-05-18'),
(16, 37, 37.780394, -122.488094, 'Cillum est ex sunt consectetur adipisicing id do ea irure nostrud quis elit. Do sint velit eu dolore in anim ullamco. Anim et aute commodo sit.', 'https://via.placeholder.com/400/913/fff/?text=location16', 'images/Location Icon.png', 'Book cover', '2020-06-18'),
(17, 39, 37.762096, -122.504446, 'Dolore et deserunt culpa consequat ea esse sint excepteur. Elit labore officia do do ad ea. Et eiusmod culpa occaecat aliqua aliqua est in dolor ex officia commodo eu incididunt.', 'https://via.placeholder.com/400/906/fff/?text=location17', 'images/Location Icon.png', 'Poster', '2020-07-29'),
(18, 48, 37.719445, -122.502331, 'Cillum cillum id sunt ut non fugiat qui non id ut. Ea ipsum quis elit cillum consectetur amet ex velit. Commodo non sit fugiat proident aliquip culpa.', 'https://via.placeholder.com/400/921/fff/?text=location18', 'images/Location Icon.png', 'Billboard', '2020-11-13'),
(19, 33, 37.678451, -122.493899, 'Esse eu sunt incididunt proident proident sit duis aliquip ipsum non consectetur. In tempor sint aliquip magna id aliqua nostrud aliquip id ea. Esse veniam commodo ullamco magna nisi est et ea adipisicing cupidatat minim duis labore.', 'https://via.placeholder.com/400/744/fff/?text=location19', 'images/Location Icon.png', 'Poster', '2020-05-22'),
(20, 14, 37.740439, -122.507561, 'Ad est consequat nostrud incididunt amet excepteur officia commodo nostrud eu voluptate. Cupidatat laborum id ad dolore nisi magna. Fugiat consectetur proident aliquip mollit.', 'https://via.placeholder.com/400/751/fff/?text=location20', 'images/Location Icon.png', 'Poster', '2020-02-21'),
(21, 45, 37.680180, -122.464449, 'Excepteur et in et anim laboris labore pariatur et consequat mollit elit tempor commodo irure. Occaecat proident pariatur do est. Tempor reprehenderit eu ut voluptate anim.', 'https://via.placeholder.com/400/797/fff/?text=location21', 'images/Location Icon.png', 'Book cover', '2020-02-08'),
(22, 41, 37.737736, -122.481826, 'Ea laborum et proident dolore nulla id. Sint fugiat nisi ad consequat excepteur aliqua labore mollit enim enim exercitation nisi. Dolore labore minim nostrud cillum laborum.', 'https://via.placeholder.com/400/722/fff/?text=location22', 'images/Location Icon.png', 'Book cover', '2020-11-02'),
(23, 14, 37.695217, -122.468653, 'Enim ea enim labore consectetur minim laboris anim proident occaecat esse enim id qui mollit. Ex esse tempor duis magna enim commodo velit do. Reprehenderit tempor id nostrud in dolore voluptate excepteur proident eu dolor laboris cupidatat.', 'https://via.placeholder.com/400/825/fff/?text=location23', 'images/Location Icon.png', 'Poster', '2020-03-01'),
(24, 15, 37.671148, -122.437447, 'Esse id ullamco tempor qui nostrud. Ea anim enim et culpa dolor aliqua et deserunt dolor esse adipisicing non reprehenderit. Ullamco amet cillum cillum qui reprehenderit fugiat in ea proident do do aute cupidatat.', 'https://via.placeholder.com/400/949/fff/?text=location24', 'images/Location Icon.png', 'Sign', '2020-03-06'),
(25, 39, 37.700356, -122.466831, 'Do duis labore aliqua fugiat ex amet veniam cillum excepteur voluptate proident commodo in eiusmod. Anim exercitation dolor consectetur consequat. Ullamco magna magna Lorem aliqua dolor esse irure veniam.', 'https://via.placeholder.com/400/996/fff/?text=location25', 'images/Location Icon.png', 'Digital ad', '2020-02-22'),
(26, 13, 37.683775, -122.485795, 'Labore eu in ipsum anim et occaecat quis occaecat sit proident. Dolor sint duis ut ipsum eu nisi sunt. Amet elit tempor ullamco laboris incididunt id anim commodo.', 'https://via.placeholder.com/400/872/fff/?text=location26', 'images/Location Icon.png', 'Sign', '2020-01-26'),
(27, 23, 37.708862, -122.498954, 'Laborum in cupidatat voluptate minim eiusmod amet culpa ea. Deserunt in nulla cillum exercitation qui nisi ullamco irure consequat esse. Ea commodo labore commodo incididunt.', 'https://via.placeholder.com/400/798/fff/?text=location27', 'images/Location Icon.png', 'Digital ad', '2020-10-05'),
(28, 34, 37.675964, -122.425012, 'Id exercitation sunt irure et ullamco nostrud cillum voluptate sit incididunt reprehenderit commodo. Tempor consectetur cupidatat ut enim ipsum officia. Ullamco et voluptate velit dolor mollit.', 'https://via.placeholder.com/400/874/fff/?text=location28', 'images/Location Icon.png', 'Poster', '2020-09-07'),
(29, 16, 37.671839, -122.480149, 'Elit est est nisi velit minim dolor ad occaecat veniam in dolor sunt. Nostrud est cupidatat eiusmod quis non consectetur. Deserunt pariatur esse laborum tempor irure cupidatat id nisi elit nulla sint.', 'https://via.placeholder.com/400/811/fff/?text=location29', 'images/Location Icon.png', 'Billboard', '2020-06-10'),
(30, 24, 37.752727, -122.398547, 'Quis fugiat velit id mollit mollit ipsum sint ipsum consequat nostrud. Est sunt in esse sit est ipsum ut laborum incididunt do do nisi sit culpa. Sit nulla laboris aliquip ipsum id esse aliqua consectetur.', 'https://via.placeholder.com/400/851/fff/?text=location30', 'images/Location Icon.png', 'Packaging', '2020-02-08'),
(31, 31, 37.723287, -122.468655, 'Ipsum adipisicing quis ipsum voluptate. Mollit amet commodo qui officia. Sit est nulla exercitation tempor pariatur Lorem eu cupidatat culpa ipsum.', 'https://via.placeholder.com/400/949/fff/?text=location31', 'images/Location Icon.png', 'Sign', '2020-03-24'),
(32, 22, 37.691585, -122.438702, 'Commodo sunt eu aliqua labore occaecat velit non ex voluptate commodo. Magna id anim aute occaecat culpa anim velit amet tempor dolore sit. Nulla deserunt anim elit irure in veniam nisi sit nulla aliqua.', 'https://via.placeholder.com/400/955/fff/?text=location32', 'images/Location Icon.png', 'Packaging', '2020-05-18'),
(33, 3, 37.663002, -122.473937, 'Incididunt magna proident laborum mollit labore veniam excepteur Lorem ea occaecat elit laboris eiusmod enim. Mollit pariatur aliqua sunt cillum minim minim velit. Aliqua ad aliqua minim sunt Lorem mollit adipisicing nostrud qui adipisicing in magna quis Lorem.', 'https://via.placeholder.com/400/739/fff/?text=location33', 'images/Location Icon.png', 'Sign', '2020-06-07'),
(34, 27, 37.653744, -122.400022, 'Irure aliquip non nisi magna consequat aliqua tempor dolor. Ad do Lorem qui aute et non reprehenderit quis adipisicing. Irure sint velit aliqua commodo quis fugiat ut ad elit officia ullamco ad.', 'https://via.placeholder.com/400/795/fff/?text=location34', 'images/Location Icon.png', 'Digital ad', '2020-04-09'),
(35, 35, 37.670516, -122.405197, 'Sint occaecat laborum irure magna esse id nisi exercitation est deserunt consectetur ex. Eu et nostrud magna voluptate reprehenderit nisi fugiat commodo labore ipsum esse do mollit. Eiusmod veniam irure laborum culpa sint.', 'https://via.placeholder.com/400/704/fff/?text=location35', 'images/Location Icon.png', 'Poster', '2020-01-07'),
(36, 40, 37.782812, -122.490598, 'Ullamco consectetur mollit incididunt mollit minim et ullamco magna id voluptate commodo in proident ad. Velit irure deserunt consequat aliqua deserunt anim dolore ipsum qui in commodo consequat. Amet dolore non veniam quis quis mollit velit consectetur do ut esse cupidatat enim officia.', 'https://via.placeholder.com/400/751/fff/?text=location36', 'images/Location Icon.png', 'Packaging', '2020-09-06'),
(37, 33, 37.722312, -122.445350, 'Ipsum culpa consequat commodo dolore consectetur mollit sit consectetur enim. Esse labore aliqua incididunt sint consequat quis commodo duis fugiat eu labore nulla minim do. Minim culpa qui adipisicing in eu minim excepteur velit cillum cillum adipisicing.', 'https://via.placeholder.com/400/912/fff/?text=location37', 'images/Location Icon.png', 'Billboard', '2020-01-25'),
(38, 4, 37.721148, -122.467172, 'Sunt aliqua proident enim irure. Incididunt voluptate Lorem esse id ullamco esse deserunt incididunt consequat consequat exercitation voluptate ad. Officia id do eu sunt est.', 'https://via.placeholder.com/400/987/fff/?text=location38', 'images/Location Icon.png', 'Sign', '2020-07-11'),
(39, 17, 37.738278, -122.442083, 'Dolore pariatur dolor veniam velit eiusmod ullamco voluptate aute dolor. Anim incididunt et excepteur id ex dolor. Enim culpa velit esse irure quis consequat qui consectetur.', 'https://via.placeholder.com/400/767/fff/?text=location39', 'images/Location Icon.png', 'Billboard', '2020-05-26'),
(40, 26, 37.661568, -122.399884, 'Irure proident aliqua magna fugiat. Enim eiusmod in exercitation cupidatat do ut tempor eiusmod id ex. Cupidatat do deserunt tempor ex fugiat mollit.', 'https://via.placeholder.com/400/864/fff/?text=location40', 'images/Location Icon.png', 'Digital ad', '2020-05-16'),
(41, 17, 37.728939, -122.463266, 'Exercitation consectetur culpa ea sit nulla cupidatat in esse mollit aliquip non. Aliquip dolor culpa aute tempor. Officia laboris quis et cupidatat voluptate eiusmod officia ea nulla.', 'https://via.placeholder.com/400/967/fff/?text=location41', 'images/Location Icon.png', 'Sign', '2020-04-27'),
(42, 29, 37.662425, -122.486141, 'Est minim culpa eu amet id laboris dolore consectetur amet ex nostrud ut in. Ex qui culpa excepteur ullamco nostrud consectetur et in consectetur culpa esse aliqua laborum. Veniam anim consequat ex magna voluptate sit dolor occaecat amet irure qui ipsum officia.', 'https://via.placeholder.com/400/853/fff/?text=location42', 'images/Location Icon.png', 'Packaging', '2020-03-02'),
(43, 47, 37.696882, -122.438121, 'Commodo culpa nostrud in excepteur labore deserunt officia. Ullamco proident commodo do incididunt est Lorem id magna adipisicing nisi. Ullamco et sunt anim enim et duis.', 'https://via.placeholder.com/400/716/fff/?text=location43', 'images/Location Icon.png', 'Packaging', '2020-11-13'),
(44, 8, 37.758068, -122.456107, 'Magna nulla enim aute mollit. Esse Lorem velit consequat cillum nostrud ad. Do occaecat in incididunt dolore veniam velit officia nisi pariatur.', 'https://via.placeholder.com/400/962/fff/?text=location44', 'images/Location Icon.png', 'Digital ad', '2020-04-15'),
(45, 18, 37.761020, -122.498957, 'Sint anim sit id deserunt excepteur nulla do fugiat. Duis est esse laboris dolore consequat nostrud aute consectetur. Cupidatat in qui ad enim amet deserunt cupidatat.', 'https://via.placeholder.com/400/853/fff/?text=location45', 'images/Location Icon.png', 'Book cover', '2020-08-08'),
(46, 46, 37.687025, -122.424961, 'Aliqua ut Lorem ut esse ex mollit id amet adipisicing. Veniam in laboris velit dolor exercitation cupidatat amet proident anim sint ipsum ullamco dolore consectetur. Aute aliqua commodo laboris ullamco non consequat ullamco id elit.', 'https://via.placeholder.com/400/879/fff/?text=location46', 'images/Location Icon.png', 'Digital ad', '2020-10-27'),
(47, 39, 37.656571, -122.466542, 'Qui proident veniam quis consectetur enim duis laboris eu dolore incididunt. Ipsum do ut anim exercitation. Ipsum aliqua sint sunt mollit elit reprehenderit incididunt incididunt qui.', 'https://via.placeholder.com/400/860/fff/?text=location47', 'images/Location Icon.png', 'Book cover', '2020-09-25'),
(48, 46, 37.646716, -122.431685, 'Laborum qui sunt laboris est Lorem laboris aliqua ut veniam pariatur minim duis. Anim eiusmod cillum cupidatat do fugiat nulla ex pariatur exercitation ea amet ullamco dolor. Nisi eiusmod amet dolor nostrud elit occaecat nisi Lorem duis cillum.', 'https://via.placeholder.com/400/762/fff/?text=location48', 'images/Location Icon.png', 'Packaging', '2020-04-04'),
(49, 43, 37.693289, -122.482007, 'Mollit occaecat cupidatat ex quis exercitation mollit sint dolor consequat excepteur ut. Voluptate et irure sint minim ex ipsum ad. Consequat magna sunt sint cupidatat eiusmod sit magna adipisicing minim veniam anim voluptate sint.', 'https://via.placeholder.com/400/984/fff/?text=location49', 'images/Location Icon.png', 'Sign', '2020-11-04'),
(50, 32, 37.739222, -122.422613, 'Esse est adipisicing aute sint incididunt ea. Ut Lorem deserunt dolor ullamco esse amet reprehenderit aliquip. Sunt id voluptate ut velit aliqua ipsum eiusmod occaecat consequat.', 'https://via.placeholder.com/400/996/fff/?text=location50', 'images/Location Icon.png', 'Poster', '2020-02-27'),
(51, 24, 37.750474, -122.507295, 'Consectetur quis nulla veniam non cillum aute ea sint fugiat. Culpa eiusmod dolor occaecat aute. Laborum commodo minim veniam mollit in anim Lorem ipsum adipisicing adipisicing nostrud.', 'https://via.placeholder.com/400/976/fff/?text=location51', 'images/Location Icon.png', 'Book cover', '2020-08-19'),
(52, 44, 37.733024, -122.497783, 'Quis duis amet ipsum veniam qui sunt ullamco adipisicing mollit dolor minim voluptate. Do nisi adipisicing fugiat eu aliqua sunt veniam consequat occaecat do sit. Et quis irure sint anim ad reprehenderit consequat labore minim.', 'https://via.placeholder.com/400/771/fff/?text=location52', 'images/Location Icon.png', 'Book cover', '2020-04-10'),
(53, 25, 37.763489, -122.488012, 'Ad cupidatat ut labore et. Tempor id ullamco consectetur cillum sint. Veniam quis officia reprehenderit duis sunt est voluptate ipsum anim labore.', 'https://via.placeholder.com/400/799/fff/?text=location53', 'images/Location Icon.png', 'Sign', '2020-10-29'),
(54, 12, 37.744609, -122.428405, 'Cillum officia deserunt ex deserunt pariatur culpa aliquip elit reprehenderit aliquip quis et pariatur laborum. Mollit amet consectetur ad est excepteur. Eu ut voluptate nostrud enim Lorem nisi eiusmod magna.', 'https://via.placeholder.com/400/841/fff/?text=location54', 'images/Location Icon.png', 'Sign', '2020-01-27'),
(55, 34, 37.711191, -122.468353, 'Anim deserunt elit in tempor aliqua incididunt. Dolor nulla occaecat non magna elit deserunt et nulla magna est. Eiusmod deserunt officia cillum non amet enim enim occaecat non duis cupidatat cupidatat.', 'https://via.placeholder.com/400/895/fff/?text=location55', 'images/Location Icon.png', 'Digital ad', '2020-11-20'),
(56, 35, 37.691398, -122.479820, 'Esse tempor labore consequat ad pariatur laborum deserunt. Nulla ullamco officia velit labore ullamco amet ullamco nulla aliqua non sit excepteur ullamco non. Ullamco aliqua cupidatat incididunt sint veniam commodo velit.', 'https://via.placeholder.com/400/731/fff/?text=location56', 'images/Location Icon.png', 'Sign', '2020-07-30'),
(57, 26, 37.663879, -122.475876, 'Excepteur nulla aute amet fugiat adipisicing ut laborum mollit cupidatat irure eu et sint. Id Lorem deserunt nisi occaecat irure Lorem cillum aliquip elit. Duis id irure cillum ipsum consequat quis exercitation mollit cillum minim nisi.', 'https://via.placeholder.com/400/949/fff/?text=location57', 'images/Location Icon.png', 'Poster', '2020-08-11'),
(58, 39, 37.774858, -122.483825, 'Nisi dolor veniam minim laboris eu et enim et nulla labore. Minim exercitation ipsum laborum elit reprehenderit proident aute incididunt eu duis excepteur nostrud voluptate amet. Aliqua elit consectetur aute est.', 'https://via.placeholder.com/400/840/fff/?text=location58', 'images/Location Icon.png', 'Book cover', '2020-10-01'),
(59, 21, 37.712122, -122.427015, 'Ea anim ullamco nulla deserunt enim nisi laborum quis do esse dolor elit. Ex dolore officia sint fugiat et. Mollit ex exercitation eu Lorem non sint nisi nostrud.', 'https://via.placeholder.com/400/702/fff/?text=location59', 'images/Location Icon.png', 'Sign', '2020-05-24'),
(60, 13, 37.733252, -122.436938, 'Excepteur est amet et pariatur incididunt aliqua veniam quis. Laborum ullamco est laborum mollit ad do occaecat officia et aute proident. Sunt voluptate voluptate cillum et sint eiusmod labore consequat Lorem dolor nulla.', 'https://via.placeholder.com/400/750/fff/?text=location60', 'images/Location Icon.png', 'Billboard', '2020-01-29'),
(61, 46, 37.763493, -122.489331, 'Ad cillum non proident nisi fugiat dolore consectetur mollit ut. Laborum eiusmod do tempor commodo quis eu ipsum sit quis elit veniam. Id consectetur cillum esse culpa qui excepteur exercitation est consequat ut aute adipisicing incididunt.', 'https://via.placeholder.com/400/932/fff/?text=location61', 'images/Location Icon.png', 'Sign', '2020-06-19'),
(62, 36, 37.755979, -122.473487, 'Ad quis fugiat sit voluptate quis minim occaecat ad deserunt magna exercitation quis deserunt. Proident dolor ea magna eiusmod magna sunt aliquip nostrud proident. Pariatur sint ea Lorem consequat incididunt laborum incididunt deserunt cillum aliqua tempor nostrud.', 'https://via.placeholder.com/400/899/fff/?text=location62', 'images/Location Icon.png', 'Packaging', '2020-10-04'),
(63, 21, 37.751783, -122.403944, 'Sunt qui deserunt sit occaecat ex ullamco culpa veniam deserunt et. Pariatur anim consequat velit officia. Est est consectetur non anim consectetur et ad tempor ex.', 'https://via.placeholder.com/400/913/fff/?text=location63', 'images/Location Icon.png', 'Sign', '2020-08-25'),
(64, 34, 37.651257, -122.475489, 'Ea id aliqua elit sunt cillum Lorem sunt mollit enim ad aliqua reprehenderit. Deserunt sint elit commodo elit occaecat do aliquip anim. Ullamco tempor ipsum culpa cillum consequat ipsum in id pariatur.', 'https://via.placeholder.com/400/811/fff/?text=location64', 'images/Location Icon.png', 'Sign', '2020-10-30'),
(65, 20, 37.648111, -122.481240, 'Adipisicing quis sint pariatur fugiat anim aute officia nulla occaecat elit ullamco proident sunt aliquip. Nisi consectetur tempor nulla dolore. Labore sunt cupidatat ex minim pariatur officia ad adipisicing sit quis ea ullamco culpa.', 'https://via.placeholder.com/400/818/fff/?text=location65', 'images/Location Icon.png', 'Packaging', '2020-10-28'),
(66, 39, 37.670908, -122.507402, 'Sit labore incididunt amet ut proident aliqua. Eu cupidatat minim aliqua laborum nulla ut tempor do sit incididunt adipisicing. Cillum est sint dolore nisi sunt ipsum sunt voluptate reprehenderit.', 'https://via.placeholder.com/400/950/fff/?text=location66', 'images/Location Icon.png', 'Poster', '2020-01-27'),
(67, 42, 37.646581, -122.464736, 'Eu veniam aliquip eu deserunt aliqua nisi. Veniam commodo sit in anim do. Sit magna excepteur commodo in exercitation aliquip pariatur ex consequat dolore esse id est Lorem.', 'https://via.placeholder.com/400/838/fff/?text=location67', 'images/Location Icon.png', 'Sign', '2020-08-13'),
(68, 20, 37.743914, -122.453575, 'Cupidatat dolore ut veniam deserunt ut mollit dolore adipisicing. Ad ex ut veniam consequat cillum voluptate pariatur excepteur. Qui fugiat reprehenderit veniam esse laboris quis magna in deserunt Lorem ad duis dolor quis.', 'https://via.placeholder.com/400/846/fff/?text=location68', 'images/Location Icon.png', 'Digital ad', '2020-04-19'),
(69, 40, 37.668423, -122.414030, 'Quis sit mollit enim labore qui labore minim aliqua non amet et non Lorem. Aute velit minim culpa fugiat ex duis elit dolore mollit sunt quis laboris. Quis minim incididunt veniam ut.', 'https://via.placeholder.com/400/736/fff/?text=location69', 'images/Location Icon.png', 'Packaging', '2020-05-02'),
(70, 15, 37.779639, -122.502604, 'Aliquip non mollit deserunt do labore duis fugiat qui ut est id. Reprehenderit aute enim excepteur incididunt eiusmod commodo culpa sit aliqua eu cupidatat minim esse. Aliquip duis dolore tempor commodo quis voluptate fugiat cupidatat veniam dolore ut culpa.', 'https://via.placeholder.com/400/734/fff/?text=location70', 'images/Location Icon.png', 'Sign', '2020-03-02'),
(71, 11, 37.730286, -122.485129, 'Proident enim nulla consectetur deserunt. Aliqua adipisicing et nisi quis enim nostrud cupidatat incididunt pariatur aute. Enim exercitation nulla eu mollit qui qui aliqua tempor excepteur qui.', 'https://via.placeholder.com/400/949/fff/?text=location71', 'images/Location Icon.png', 'Sign', '2020-08-29'),
(72, 50, 37.718202, -122.431772, 'Exercitation ullamco mollit ipsum consectetur dolor mollit et adipisicing aliqua nulla. Enim enim elit eiusmod velit reprehenderit proident. Ad excepteur in veniam commodo quis Lorem qui aliquip non veniam Lorem duis.', 'https://via.placeholder.com/400/942/fff/?text=location72', 'images/Location Icon.png', 'Poster', '2020-01-22'),
(73, 14, 37.763666, -122.402156, 'Ut quis duis dolore dolor nostrud ullamco. Adipisicing ex anim esse voluptate sunt in ipsum incididunt veniam ipsum nisi eu ad. Occaecat magna dolor elit labore velit sunt consectetur incididunt labore.', 'https://via.placeholder.com/400/777/fff/?text=location73', 'images/Location Icon.png', 'Packaging', '2020-02-17'),
(74, 23, 37.683383, -122.488537, 'Incididunt do non dolore exercitation excepteur eu ad anim nulla sunt deserunt tempor. Deserunt consequat incididunt non reprehenderit. Ea laborum commodo magna deserunt.', 'https://via.placeholder.com/400/840/fff/?text=location74', 'images/Location Icon.png', 'Sign', '2020-08-25'),
(75, 47, 37.650700, -122.485998, 'Reprehenderit cupidatat esse labore irure nulla deserunt aliqua eiusmod velit voluptate sint. Sunt eu tempor velit et minim adipisicing nostrud excepteur officia. Occaecat proident reprehenderit cillum magna consectetur ipsum quis in ut.', 'https://via.placeholder.com/400/879/fff/?text=location75', 'images/Location Icon.png', 'Digital ad', '2020-07-16'),
(76, 24, 37.715904, -122.459372, 'In tempor incididunt ipsum exercitation cupidatat consectetur in dolor laborum excepteur duis. Est incididunt sint nostrud exercitation sit pariatur laboris veniam ea velit non nostrud. Deserunt cillum laborum officia non occaecat ad nisi.', 'https://via.placeholder.com/400/736/fff/?text=location76', 'images/Location Icon.png', 'Sign', '2020-02-01'),
(77, 16, 37.669529, -122.449150, 'Sit laborum ex excepteur consequat irure sint exercitation id sint excepteur veniam id culpa. Minim excepteur dolor exercitation nostrud anim reprehenderit voluptate quis excepteur cillum eiusmod occaecat qui. Nisi do nostrud ex magna ex amet laborum sint nisi ex deserunt id officia irure.', 'https://via.placeholder.com/400/969/fff/?text=location77', 'images/Location Icon.png', 'Book cover', '2020-08-25'),
(78, 49, 37.779073, -122.449075, 'Consectetur officia aliquip nisi aute laboris aute consequat voluptate aliqua mollit eiusmod. Ex cupidatat sunt deserunt proident elit voluptate. Enim velit cupidatat ut pariatur qui dolore laboris commodo ipsum.', 'https://via.placeholder.com/400/700/fff/?text=location78', 'images/Location Icon.png', 'Billboard', '2020-07-13'),
(79, 31, 37.696289, -122.503969, 'Aliquip deserunt cupidatat Lorem pariatur commodo pariatur ad do commodo nisi ipsum. Pariatur est irure qui nisi nostrud consequat tempor ex nisi officia sit ad. Aute eu in anim officia fugiat veniam.', 'https://via.placeholder.com/400/863/fff/?text=location79', 'images/Location Icon.png', 'Packaging', '2020-10-18'),
(80, 50, 37.668067, -122.458154, 'Tempor esse irure Lorem eu exercitation incididunt. Do velit mollit fugiat sunt officia aliquip ad mollit. Adipisicing et tempor enim ea amet.', 'https://via.placeholder.com/400/742/fff/?text=location80', 'images/Location Icon.png', 'Sign', '2020-08-08'),
(81, 32, 37.686266, -122.440861, 'Pariatur et do enim nulla. Reprehenderit eu amet aliquip Lorem pariatur. Incididunt ullamco ex et dolor nostrud fugiat veniam ullamco quis.', 'https://via.placeholder.com/400/802/fff/?text=location81', 'images/Location Icon.png', 'Packaging', '2020-03-13'),
(82, 30, 37.712875, -122.438036, 'Fugiat culpa commodo pariatur est minim tempor pariatur veniam proident. Minim Lorem qui sunt nulla non. Est aliquip deserunt velit aute ut tempor est cupidatat.', 'https://via.placeholder.com/400/995/fff/?text=location82', 'images/Location Icon.png', 'Poster', '2020-05-19'),
(83, 48, 37.706879, -122.453218, 'Excepteur Lorem enim irure qui amet officia tempor aliqua est. Incididunt ut aliqua velit veniam. Laboris anim velit proident officia mollit irure dolore laboris laborum.', 'https://via.placeholder.com/400/890/fff/?text=location83', 'images/Location Icon.png', 'Book cover', '2020-07-25'),
(84, 11, 37.664170, -122.443035, 'Sint velit reprehenderit voluptate eiusmod laborum aliquip velit adipisicing ipsum pariatur duis pariatur quis. Cupidatat quis cupidatat consectetur esse nostrud. Et non officia anim nisi quis Lorem commodo.', 'https://via.placeholder.com/400/753/fff/?text=location84', 'images/Location Icon.png', 'Book cover', '2020-09-29'),
(85, 30, 37.758559, -122.452974, 'Minim enim minim esse aute eu consequat ex veniam. Nostrud culpa laboris veniam nulla culpa et labore mollit ex labore non eu. Exercitation est eiusmod in sint.', 'https://via.placeholder.com/400/923/fff/?text=location85', 'images/Location Icon.png', 'Book cover', '2020-02-20'),
(86, 43, 37.669571, -122.484967, 'Ipsum cupidatat culpa sit eu deserunt sunt cupidatat. Esse laboris ullamco commodo et reprehenderit ipsum in irure elit sint qui. Aliquip irure ea laboris sunt mollit magna incididunt enim officia ea voluptate.', 'https://via.placeholder.com/400/775/fff/?text=location86', 'images/Location Icon.png', 'Billboard', '2020-08-28'),
(87, 28, 37.731746, -122.430381, 'Veniam sit quis nulla elit pariatur mollit. Consequat cupidatat non proident occaecat ipsum esse enim. Cupidatat qui irure nostrud tempor laboris ex ea sint.', 'https://via.placeholder.com/400/958/fff/?text=location87', 'images/Location Icon.png', 'Packaging', '2020-04-02'),
(88, 17, 37.766239, -122.449731, 'Deserunt aliqua ex culpa ad aute nulla labore Lorem deserunt laborum veniam fugiat. Ipsum ex occaecat nulla laborum reprehenderit aute voluptate labore nisi dolor commodo aliquip laborum mollit. Eiusmod pariatur reprehenderit tempor magna veniam nulla et pariatur irure et pariatur laboris.', 'https://via.placeholder.com/400/867/fff/?text=location88', 'images/Location Icon.png', 'Billboard', '2020-09-19'),
(89, 31, 37.680339, -122.470413, 'Esse mollit voluptate quis voluptate qui velit quis et quis ex. Duis culpa deserunt aliquip et anim exercitation adipisicing. Ea est ad velit ad aliqua ex eu exercitation.', 'https://via.placeholder.com/400/856/fff/?text=location89', 'images/Location Icon.png', 'Billboard', '2020-04-03'),
(90, 41, 37.747061, -122.486347, 'Esse sint sit cupidatat dolore adipisicing sit culpa dolore deserunt quis mollit eiusmod et. Lorem ea incididunt commodo amet cillum proident irure. Aliquip mollit ipsum cillum velit minim aliquip quis aliqua.', 'https://via.placeholder.com/400/776/fff/?text=location90', 'images/Location Icon.png', 'Poster', '2020-04-17'),
(91, 36, 37.714920, -122.450417, 'Labore et velit proident quis adipisicing tempor aliqua est ipsum in minim sunt consequat. Nulla ut ullamco pariatur nisi dolore. Proident laborum Lorem non aliquip ea aliqua consectetur magna laborum excepteur officia ex enim.', 'https://via.placeholder.com/400/720/fff/?text=location91', 'images/Location Icon.png', 'Sign', '2020-01-06'),
(92, 38, 37.656914, -122.468632, 'Duis velit cupidatat cupidatat quis enim tempor laboris excepteur sint ex minim elit adipisicing. Consectetur elit anim reprehenderit consequat magna eiusmod. Aliqua Lorem aute Lorem ea officia do proident.', 'https://via.placeholder.com/400/947/fff/?text=location92', 'images/Location Icon.png', 'Digital ad', '2020-01-23'),
(93, 42, 37.656846, -122.430010, 'Ad incididunt magna quis magna ut culpa veniam. Aliquip aliqua adipisicing esse elit reprehenderit proident aliquip culpa qui qui. Duis excepteur mollit ullamco aliquip.', 'https://via.placeholder.com/400/882/fff/?text=location93', 'images/Location Icon.png', 'Sign', '2020-09-11'),
(94, 42, 37.672705, -122.462401, 'Nostrud cupidatat dolor eiusmod occaecat. Ea esse officia dolore enim adipisicing velit nulla ex consequat. Ullamco magna tempor in Lorem commodo sint anim voluptate nisi aute culpa magna.', 'https://via.placeholder.com/400/788/fff/?text=location94', 'images/Location Icon.png', 'Poster', '2020-03-19'),
(95, 20, 37.694579, -122.488747, 'Nulla consectetur commodo incididunt veniam amet non cupidatat aute magna mollit reprehenderit ut nostrud. Ullamco labore dolor enim nisi veniam pariatur pariatur ad. Est et adipisicing eiusmod duis eiusmod Lorem exercitation proident fugiat duis reprehenderit.', 'https://via.placeholder.com/400/753/fff/?text=location95', 'images/Location Icon.png', 'Billboard', '2020-08-14'),
(96, 46, 37.645486, -122.448632, 'Ullamco aliqua laboris ea qui nostrud dolore laborum adipisicing aute occaecat incididunt cillum. Ullamco qui nulla duis enim ad ut dolore irure. Officia voluptate minim magna ullamco labore et amet.', 'https://via.placeholder.com/400/738/fff/?text=location96', 'images/Location Icon.png', 'Book cover', '2020-06-10'),
(97, 47, 37.710420, -122.467685, 'Non aliquip magna excepteur non consequat sint velit quis dolore sint. Excepteur enim esse dolor ipsum sunt nisi anim in qui dolor sit est. Culpa nostrud nisi voluptate ex enim cupidatat cillum consectetur sit cillum labore est.', 'https://via.placeholder.com/400/835/fff/?text=location97', 'images/Location Icon.png', 'Billboard', '2020-08-27'),
(98, 8, 37.715644, -122.504595, 'Velit do voluptate ut mollit nulla officia velit ut cupidatat irure occaecat esse. Dolor consequat nisi exercitation voluptate magna nulla. Qui cillum ut fugiat ullamco cillum dolore est.', 'https://via.placeholder.com/400/838/fff/?text=location98', 'images/Location Icon.png', 'Digital ad', '2020-11-02'),
(99, 5, 37.783056, -122.397788, 'Ullamco consectetur aliqua incididunt ex Lorem tempor aliquip laborum. Fugiat Lorem est in laboris consectetur consectetur occaecat reprehenderit nulla amet sunt aliquip pariatur. Aliquip do pariatur quis ipsum eu adipisicing pariatur officia deserunt aliqua qui dolor.', 'https://via.placeholder.com/400/891/fff/?text=location99', 'images/Location Icon.png', 'Billboard', '2020-09-10'),
(100, 12, 37.667679, -122.426779, 'Sit culpa sunt irure labore laborum qui ea ut eiusmod tempor. Est tempor qui anim sit eiusmod elit anim in ipsum dolore do cupidatat aute. Proident adipisicing ullamco dolor voluptate nostrud elit id est id occaecat aliqua sit.', 'https://via.placeholder.com/400/909/fff/?text=location100', 'images/Location Icon.png', 'Packaging', '2020-03-11'),
(101, 40, 37.736090, -122.473616, 'Laborum anim et pariatur cillum. Excepteur nisi tempor anim consectetur magna qui proident laboris consequat culpa deserunt. Tempor consectetur commodo consequat eu minim est tempor.', 'https://via.placeholder.com/400/811/fff/?text=location101', 'images/Location Icon.png', 'Sign', '2020-05-20'),
(102, 32, 37.678369, -122.468567, 'Commodo et exercitation exercitation Lorem consectetur irure culpa deserunt aliquip dolor exercitation occaecat. Mollit incididunt quis id magna nostrud qui id proident aute nisi adipisicing culpa do aute. Esse esse velit reprehenderit eiusmod aute pariatur duis minim.', 'https://via.placeholder.com/400/890/fff/?text=location102', 'images/Location Icon.png', 'Book cover', '2020-02-11'),
(103, 9, 37.685699, -122.492085, 'Amet minim exercitation ullamco deserunt incididunt labore reprehenderit. Voluptate nisi et culpa tempor velit deserunt laboris est consequat velit aute dolore. Anim irure minim aute id id deserunt exercitation nostrud aute minim.', 'https://via.placeholder.com/400/887/fff/?text=location103', 'images/Location Icon.png', 'Billboard', '2020-06-07'),
(104, 14, 37.740806, -122.479297, 'Minim id ipsum laborum velit sint pariatur duis Lorem officia in. Quis consequat labore aliqua non. Eu aliqua excepteur eiusmod id.', 'https://via.placeholder.com/400/753/fff/?text=location104', 'images/Location Icon.png', 'Packaging', '2020-01-29'),
(105, 8, 37.739958, -122.469960, 'Nulla exercitation nisi amet esse mollit consectetur laboris sunt laborum amet velit. Officia officia aliquip excepteur adipisicing quis duis aliquip fugiat ut ex aliquip sit. Nostrud dolore tempor dolor incididunt ea dolore.', 'https://via.placeholder.com/400/745/fff/?text=location105', 'images/Location Icon.png', 'Digital ad', '2020-10-05'),
(106, 29, 37.759079, -122.472420, 'Amet veniam pariatur nostrud reprehenderit culpa. Dolore sunt eu voluptate ex sint ex mollit. Et veniam excepteur voluptate Lorem fugiat deserunt ea adipisicing tempor culpa sint proident.', 'https://via.placeholder.com/400/879/fff/?text=location106', 'images/Location Icon.png', 'Digital ad', '2020-08-10'),
(107, 15, 37.769133, -122.482422, 'Commodo eiusmod ad nostrud laborum cillum excepteur cupidatat ea deserunt. Dolor pariatur anim fugiat qui adipisicing consequat consequat dolore in velit cupidatat cillum ad. Exercitation qui cillum sint incididunt nulla sunt.', 'https://via.placeholder.com/400/710/fff/?text=location107', 'images/Location Icon.png', 'Sign', '2020-02-04'),
(108, 41, 37.767027, -122.474052, 'Occaecat aliquip qui in in. Officia quis aliquip qui sint ipsum magna proident occaecat voluptate dolore. Et esse occaecat excepteur deserunt cillum tempor fugiat aliquip mollit irure minim eu irure deserunt.', 'https://via.placeholder.com/400/864/fff/?text=location108', 'images/Location Icon.png', 'Book cover', '2020-07-28'),
(109, 2, 37.695644, -122.454313, 'Ipsum sint pariatur aliqua nulla laboris duis in nisi enim consectetur tempor consequat cillum cillum. Reprehenderit sint dolor officia labore nostrud pariatur elit veniam voluptate sunt commodo sit enim fugiat. Tempor fugiat non elit exercitation nostrud enim.', 'https://via.placeholder.com/400/993/fff/?text=location109', 'images/Location Icon.png', 'Poster', '2020-01-22'),
(110, 18, 37.744417, -122.474754, 'Pariatur aliquip aliqua veniam sit aliquip eiusmod culpa est commodo sunt ut commodo eu esse. Qui consequat sunt nulla nulla. Incididunt sunt consequat mollit aliqua mollit voluptate commodo aliquip.', 'https://via.placeholder.com/400/788/fff/?text=location110', 'images/Location Icon.png', 'Billboard', '2020-01-23'),
(111, 8, 37.679399, -122.402230, 'Aliqua sunt tempor amet pariatur amet voluptate do eu cupidatat velit laborum commodo laborum ex. Culpa qui id cillum anim laboris aute commodo velit nostrud enim laborum. Duis ex exercitation duis anim voluptate officia excepteur nulla fugiat quis incididunt pariatur pariatur irure.', 'https://via.placeholder.com/400/826/fff/?text=location111', 'images/Location Icon.png', 'Digital ad', '2020-09-06'),
(112, 1, 37.708622, -122.453218, 'Lorem fugiat ex ut reprehenderit mollit labore non mollit. Nostrud quis occaecat occaecat qui cillum fugiat incididunt esse nostrud excepteur velit. Excepteur cillum amet nisi dolor magna adipisicing.', 'https://via.placeholder.com/400/851/fff/?text=location112', 'images/Location Icon.png', 'Digital ad', '2020-01-04'),
(113, 5, 37.696707, -122.481281, 'Id incididunt laboris excepteur consectetur nisi. Est occaecat do aliqua aliquip deserunt ad cillum amet mollit nostrud reprehenderit eiusmod quis irure. Cillum deserunt sint aute non veniam.', 'https://via.placeholder.com/400/780/fff/?text=location113', 'images/Location Icon.png', 'Digital ad', '2020-09-16'),
(114, 5, 37.738431, -122.478506, 'Tempor ex do non commodo occaecat do adipisicing aute labore Lorem sunt incididunt occaecat. Anim duis Lorem voluptate tempor officia proident esse amet occaecat aute et. Cillum veniam sit do nostrud in incididunt velit non amet duis occaecat proident ullamco qui.', 'https://via.placeholder.com/400/808/fff/?text=location114', 'images/Location Icon.png', 'Book cover', '2020-05-30'),
(115, 28, 37.702025, -122.486595, 'Occaecat eu aliqua non Lorem. Velit officia aliqua quis voluptate quis labore eu id qui. Dolor commodo minim non quis tempor culpa cupidatat.', 'https://via.placeholder.com/400/981/fff/?text=location115', 'images/Location Icon.png', 'Poster', '2020-11-27'),
(116, 7, 37.689582, -122.429127, 'Aliqua dolore mollit exercitation non ipsum et anim exercitation ullamco adipisicing qui magna. Consectetur qui culpa dolore dolore consequat ut. Amet exercitation ad nisi cillum consequat voluptate sunt duis sint reprehenderit.', 'https://via.placeholder.com/400/900/fff/?text=location116', 'images/Location Icon.png', 'Billboard', '2020-03-18'),
(117, 13, 37.670458, -122.507586, 'Consectetur occaecat consequat aute et et cupidatat. Duis do velit adipisicing anim velit sit laborum laborum in. Sunt adipisicing reprehenderit incididunt veniam proident sint cupidatat mollit adipisicing.', 'https://via.placeholder.com/400/831/fff/?text=location117', 'images/Location Icon.png', 'Packaging', '2020-02-05'),
(118, 34, 37.717043, -122.430646, 'Elit irure ea duis aliqua est nulla id sint incididunt aliqua do minim qui dolore. Aliqua enim voluptate in et. Qui ea irure ex proident velit nostrud ad id reprehenderit culpa ea sint excepteur.', 'https://via.placeholder.com/400/848/fff/?text=location118', 'images/Location Icon.png', 'Book cover', '2020-04-15'),
(119, 38, 37.675986, -122.429441, 'Nostrud ad ullamco tempor est aliquip voluptate laborum ex eu aliqua eu consequat. Sunt incididunt dolore in sunt Lorem minim magna tempor dolore occaecat minim irure aliqua velit. Do ad velit do magna pariatur qui magna esse do irure nisi.', 'https://via.placeholder.com/400/870/fff/?text=location119', 'images/Location Icon.png', 'Billboard', '2020-09-06'),
(120, 46, 37.705482, -122.411143, 'Dolore elit amet ullamco ullamco cillum. Anim deserunt nulla eiusmod ipsum esse est enim irure. Cillum mollit fugiat aliquip qui ad quis pariatur officia elit officia sit anim.', 'https://via.placeholder.com/400/773/fff/?text=location120', 'images/Location Icon.png', 'Poster', '2020-07-13'),
(121, 9, 37.720006, -122.419781, 'Incididunt cupidatat incididunt et amet laborum velit deserunt veniam. Sunt Lorem anim in cupidatat nulla amet magna ad qui excepteur quis officia. Fugiat exercitation ex ad ipsum eu laboris anim pariatur dolor elit qui consectetur.', 'https://via.placeholder.com/400/795/fff/?text=location121', 'images/Location Icon.png', 'Billboard', '2020-08-21'),
(122, 13, 37.755859, -122.494889, 'Sint veniam deserunt nisi ea deserunt anim officia nostrud do exercitation sit. Aute nisi fugiat culpa adipisicing commodo do labore. Esse consectetur voluptate mollit exercitation laboris reprehenderit qui reprehenderit nisi ullamco voluptate ullamco pariatur Lorem.', 'https://via.placeholder.com/400/704/fff/?text=location122', 'images/Location Icon.png', 'Book cover', '2020-05-05'),
(123, 43, 37.665004, -122.499643, 'Laboris sunt qui voluptate et cupidatat voluptate cillum fugiat ut incididunt. Do aliquip ullamco eiusmod id reprehenderit reprehenderit non ad. Enim anim anim incididunt anim.', 'https://via.placeholder.com/400/842/fff/?text=location123', 'images/Location Icon.png', 'Packaging', '2020-03-10'),
(124, 2, 37.695581, -122.396247, 'Qui consectetur aliquip proident occaecat quis reprehenderit. Duis ea Lorem aliquip irure adipisicing adipisicing exercitation do ad reprehenderit dolore in et. Eu cupidatat labore veniam ullamco qui culpa est cillum qui.', 'https://via.placeholder.com/400/738/fff/?text=location124', 'images/Location Icon.png', 'Book cover', '2020-09-12'),
(125, 9, 37.769181, -122.471254, 'Quis anim irure dolore elit pariatur aute eu quis ex ea nostrud aliquip occaecat. In aute in pariatur eiusmod reprehenderit exercitation nostrud qui magna aliqua. Tempor amet sunt Lorem anim proident ex.', 'https://via.placeholder.com/400/788/fff/?text=location125', 'images/Location Icon.png', 'Packaging', '2020-09-20'),
(126, 17, 37.760920, -122.507513, 'Est tempor mollit nulla nostrud cillum. Esse non est tempor minim minim incididunt reprehenderit. Quis cupidatat cupidatat mollit adipisicing reprehenderit eiusmod ipsum pariatur id cillum voluptate esse cupidatat.', 'https://via.placeholder.com/400/820/fff/?text=location126', 'images/Location Icon.png', 'Book cover', '2020-04-25'),
(127, 29, 37.749575, -122.402318, 'In quis ut laborum commodo labore laboris qui pariatur. Consectetur laborum dolor dolor culpa labore cillum sint in. Deserunt magna deserunt excepteur in deserunt nostrud quis est adipisicing voluptate.', 'https://via.placeholder.com/400/934/fff/?text=location127', 'images/Location Icon.png', 'Digital ad', '2020-06-09'),
(128, 24, 37.770071, -122.431221, 'Sunt amet ut dolor ea fugiat quis cupidatat mollit. Sint fugiat ex pariatur sint esse commodo eiusmod. Sit magna et aliquip adipisicing magna nostrud cillum dolor eu ipsum commodo culpa labore minim.', 'https://via.placeholder.com/400/987/fff/?text=location128', 'images/Location Icon.png', 'Packaging', '2020-04-08'),
(129, 10, 37.733311, -122.485665, 'Enim deserunt Lorem deserunt do nulla elit excepteur. Adipisicing amet ea ipsum dolor qui consectetur irure proident magna minim minim. Consequat occaecat et consequat minim.', 'https://via.placeholder.com/400/949/fff/?text=location129', 'images/Location Icon.png', 'Billboard', '2020-08-22'),
(130, 45, 37.693044, -122.472349, 'Duis mollit dolor velit eiusmod enim. Cupidatat sint nisi Lorem non est irure. Enim sit adipisicing voluptate irure qui excepteur.', 'https://via.placeholder.com/400/818/fff/?text=location130', 'images/Location Icon.png', 'Billboard', '2020-03-25'),
(131, 4, 37.746273, -122.473297, 'Ut exercitation aliquip anim pariatur. Aliquip laboris est ad minim incididunt sit. Ex aliqua ullamco reprehenderit nostrud incididunt exercitation ex.', 'https://via.placeholder.com/400/831/fff/?text=location131', 'images/Location Icon.png', 'Book cover', '2020-06-01'),
(132, 28, 37.771675, -122.424506, 'Officia minim mollit adipisicing ad anim laborum mollit quis exercitation tempor labore et nisi. Laboris culpa magna pariatur officia sit mollit deserunt ut. Ad velit fugiat amet aliqua est non minim sunt tempor aliquip amet.', 'https://via.placeholder.com/400/746/fff/?text=location132', 'images/Location Icon.png', 'Packaging', '2020-04-19'),
(133, 42, 37.702533, -122.501642, 'Minim laborum mollit adipisicing incididunt commodo aute consequat dolor fugiat. Occaecat esse ullamco ut aliquip nisi in do do non. Amet aliquip in mollit laborum mollit pariatur sint id in aliqua cupidatat labore.', 'https://via.placeholder.com/400/852/fff/?text=location133', 'images/Location Icon.png', 'Sign', '2020-02-24'),
(134, 37, 37.733178, -122.407300, 'Irure aliqua dolor sunt nulla proident veniam elit eu voluptate culpa. Incididunt occaecat nulla fugiat ut nostrud labore. In eu dolore voluptate dolore est Lorem ad nulla mollit.', 'https://via.placeholder.com/400/736/fff/?text=location134', 'images/Location Icon.png', 'Sign', '2020-06-01'),
(135, 42, 37.721185, -122.406650, 'Id fugiat amet cupidatat irure pariatur enim ad reprehenderit sint. Nulla do ullamco ut consequat dolore proident aute anim. Qui est qui qui Lorem anim.', 'https://via.placeholder.com/400/754/fff/?text=location135', 'images/Location Icon.png', 'Poster', '2020-08-24'),
(136, 9, 37.729581, -122.401103, 'Aute incididunt veniam magna enim anim. Exercitation do nulla adipisicing tempor fugiat sit sunt ex id irure pariatur culpa. Ea in cillum duis dolore ex ipsum excepteur cillum non labore aute occaecat.', 'https://via.placeholder.com/400/858/fff/?text=location136', 'images/Location Icon.png', 'Digital ad', '2020-05-09'),
(137, 37, 37.737571, -122.509052, 'Ex nulla consectetur non ipsum laboris id aliquip. In qui duis et ad qui ut esse voluptate incididunt elit ex laboris id do. Magna irure est sint qui mollit velit culpa aliqua qui consequat proident nulla excepteur consectetur.', 'https://via.placeholder.com/400/979/fff/?text=location137', 'images/Location Icon.png', 'Poster', '2020-05-18'),
(138, 14, 37.698962, -122.431684, 'Nulla nostrud mollit deserunt nisi ullamco. Pariatur eiusmod minim consequat qui. Pariatur adipisicing proident proident irure in.', 'https://via.placeholder.com/400/999/fff/?text=location138', 'images/Location Icon.png', 'Digital ad', '2020-08-08'),
(139, 23, 37.651427, -122.413842, 'Consectetur consectetur quis ad adipisicing excepteur magna laborum excepteur non deserunt sit enim. Officia ipsum mollit consectetur amet adipisicing occaecat pariatur id et. Proident sint voluptate ad excepteur proident occaecat sit ad.', 'https://via.placeholder.com/400/808/fff/?text=location139', 'images/Location Icon.png', 'Sign', '2020-11-20'),
(140, 32, 37.752699, -122.412204, 'Consectetur sint voluptate aute nisi proident nostrud ut amet aute commodo excepteur enim occaecat aliqua. Ullamco incididunt adipisicing dolore aliquip esse mollit excepteur proident consectetur exercitation. Occaecat nulla amet dolore ut cillum velit nulla ipsum ullamco reprehenderit ex amet reprehenderit.', 'https://via.placeholder.com/400/792/fff/?text=location140', 'images/Location Icon.png', 'Billboard', '2020-02-24'),
(141, 13, 37.738045, -122.445189, 'Laboris cillum anim consectetur excepteur ad. Exercitation aliqua officia proident nisi consectetur ea consectetur irure deserunt exercitation. Sunt nostrud labore et esse deserunt nisi esse duis commodo magna.', 'https://via.placeholder.com/400/941/fff/?text=location141', 'images/Location Icon.png', 'Poster', '2020-04-23');
INSERT INTO `track_locations` (`id`, `type_id`, `lat`, `lng`, `note`, `img`, `icon`, `application`, `date_create`) VALUES
(142, 49, 37.702262, -122.500982, 'Consectetur consequat nulla exercitation consequat occaecat consectetur reprehenderit minim ullamco officia ex consectetur. Eu officia tempor enim veniam ipsum amet ut. Sunt aute voluptate cupidatat ut veniam qui quis officia non irure enim dolore ullamco exercitation.', 'https://via.placeholder.com/400/810/fff/?text=location142', 'images/Location Icon.png', 'Book cover', '2020-08-04'),
(143, 9, 37.665885, -122.451803, 'Qui ullamco ea non sunt. Enim anim nisi sunt consectetur excepteur anim nulla est in laboris minim quis laborum. Exercitation ut officia aliqua pariatur cillum culpa nisi excepteur ad ad officia amet esse aliqua.', 'https://via.placeholder.com/400/934/fff/?text=location143', 'images/Location Icon.png', 'Packaging', '2020-07-27'),
(144, 16, 37.692811, -122.450415, 'Elit non fugiat qui nostrud ullamco aliquip eu amet est occaecat minim officia. Labore est ad enim elit voluptate dolor. Est do id id dolore laboris occaecat dolor dolore veniam pariatur dolor ad reprehenderit.', 'https://via.placeholder.com/400/821/fff/?text=location144', 'images/Location Icon.png', 'Poster', '2020-10-06'),
(145, 22, 37.699655, -122.490785, 'Aute ipsum quis consectetur in est nostrud et. Est ullamco quis Lorem elit. Tempor magna enim ea est aute cupidatat reprehenderit consequat ullamco cupidatat dolor elit.', 'https://via.placeholder.com/400/879/fff/?text=location145', 'images/Location Icon.png', 'Poster', '2020-10-16'),
(146, 1, 37.672570, -122.442877, 'Aliqua consequat cillum ullamco mollit elit ad. Et reprehenderit cillum deserunt esse esse esse eu irure voluptate officia Lorem magna mollit. Proident duis deserunt dolor aliquip consectetur.', 'https://via.placeholder.com/400/728/fff/?text=location146', 'images/Location Icon.png', 'Book cover', '2020-03-06'),
(147, 17, 37.699306, -122.429991, 'Pariatur enim eiusmod nostrud deserunt irure elit nisi. Esse non non adipisicing id aliquip tempor sunt velit. Ullamco nostrud nulla in amet minim in deserunt consequat est consequat eiusmod sit veniam proident.', 'https://via.placeholder.com/400/855/fff/?text=location147', 'images/Location Icon.png', 'Packaging', '2020-05-03'),
(148, 30, 37.782365, -122.440464, 'Exercitation ad sit non et proident laboris aliqua officia exercitation exercitation. Excepteur mollit sunt incididunt mollit ipsum laboris commodo. Eiusmod ea cupidatat eiusmod in laboris.', 'https://via.placeholder.com/400/904/fff/?text=location148', 'images/Location Icon.png', 'Digital ad', '2020-02-09'),
(149, 13, 37.735563, -122.418049, 'Veniam in id excepteur enim sit in. Deserunt dolor ut incididunt labore duis. Fugiat aute aliqua aliqua voluptate velit aliqua voluptate laboris excepteur irure est.', 'https://via.placeholder.com/400/758/fff/?text=location149', 'images/Location Icon.png', 'Book cover', '2020-09-08'),
(150, 47, 37.648671, -122.499436, 'Ea aliqua velit sunt dolor. Qui aliqua commodo ipsum consequat. Laboris labore et sint proident tempor velit occaecat pariatur excepteur fugiat eiusmod.', 'https://via.placeholder.com/400/803/fff/?text=location150', 'images/Location Icon.png', 'Packaging', '2020-01-30'),
(151, 12, 37.701168, -122.411880, 'Commodo consectetur aute irure elit ipsum laborum commodo. Sunt consectetur exercitation aliquip aute do in dolore est pariatur. Excepteur non laborum enim exercitation.', 'https://via.placeholder.com/400/783/fff/?text=location151', 'images/Location Icon.png', 'Billboard', '2020-09-12'),
(152, 48, 37.644137, -122.435281, 'Pariatur minim anim eu amet deserunt incididunt exercitation mollit do ex laborum ut. Minim quis nostrud sint magna eiusmod Lorem occaecat. Minim et officia aute mollit sit sunt do do non commodo.', 'https://via.placeholder.com/400/718/fff/?text=location152', 'images/Location Icon.png', 'Poster', '2020-09-28'),
(153, 30, 37.693450, -122.453876, 'Minim et exercitation nostrud eu cillum enim veniam elit enim esse do id. Culpa est ullamco laboris ea culpa commodo velit ut consectetur. Pariatur id in nisi consequat adipisicing excepteur.', 'https://via.placeholder.com/400/918/fff/?text=location153', 'images/Location Icon.png', 'Billboard', '2020-06-11'),
(154, 10, 37.650852, -122.459564, 'Sit exercitation consequat voluptate excepteur commodo culpa labore velit duis elit elit velit enim. Eiusmod sit aute nisi in culpa ipsum sint do incididunt quis enim incididunt. Amet pariatur et commodo exercitation cillum dolor cillum.', 'https://via.placeholder.com/400/728/fff/?text=location154', 'images/Location Icon.png', 'Book cover', '2020-11-12'),
(155, 50, 37.783887, -122.405164, 'Dolor dolor pariatur eu id. Aliqua consectetur cillum laboris aute eu dolore. Nostrud elit non officia minim velit tempor ullamco incididunt duis aliqua.', 'https://via.placeholder.com/400/860/fff/?text=location155', 'images/Location Icon.png', 'Packaging', '2020-08-03'),
(156, 29, 37.670174, -122.501645, 'Fugiat dolor commodo cillum excepteur anim. Minim ipsum minim nostrud nostrud ut aliquip ullamco ut sint adipisicing adipisicing ipsum. Ad ipsum consequat consectetur veniam elit id nisi esse ea tempor deserunt anim.', 'https://via.placeholder.com/400/806/fff/?text=location156', 'images/Location Icon.png', 'Poster', '2020-10-09'),
(157, 43, 37.769530, -122.427106, 'Aute consectetur consequat elit officia culpa ut eiusmod elit eu. Consectetur laborum deserunt veniam sunt labore ullamco fugiat. Id in aliqua irure exercitation fugiat.', 'https://via.placeholder.com/400/899/fff/?text=location157', 'images/Location Icon.png', 'Book cover', '2020-01-03'),
(158, 15, 37.719715, -122.485651, 'Excepteur adipisicing ea fugiat mollit aute proident adipisicing qui esse minim anim. Velit laboris labore mollit ad aliqua labore culpa incididunt excepteur culpa ullamco ea consequat. Eu minim enim id voluptate reprehenderit cupidatat consequat adipisicing laboris esse nisi dolore.', 'https://via.placeholder.com/400/913/fff/?text=location158', 'images/Location Icon.png', 'Packaging', '2020-09-10'),
(159, 29, 37.650171, -122.456526, 'Consectetur sint ad laboris tempor aliqua et. Enim sint aute veniam Lorem nisi proident adipisicing adipisicing voluptate do et ex. Sit dolore et exercitation sit quis excepteur magna.', 'https://via.placeholder.com/400/997/fff/?text=location159', 'images/Location Icon.png', 'Billboard', '2020-11-24'),
(160, 32, 37.714619, -122.443053, 'Magna nulla elit non ullamco magna fugiat aliqua est cupidatat. Esse dolore ullamco anim quis ipsum proident pariatur veniam culpa in. Veniam aliquip id nostrud adipisicing esse aliqua excepteur commodo incididunt excepteur in sunt eu aliquip.', 'https://via.placeholder.com/400/721/fff/?text=location160', 'images/Location Icon.png', 'Packaging', '2020-03-14'),
(161, 1, 37.732617, -122.495278, 'Quis mollit qui incididunt ea exercitation pariatur labore fugiat. Anim sit laboris id consectetur deserunt laborum adipisicing nostrud aliquip dolor proident minim cillum. Magna exercitation nisi incididunt cupidatat incididunt veniam labore.', 'https://via.placeholder.com/400/924/fff/?text=location161', 'images/Location Icon.png', 'Digital ad', '2020-01-31'),
(162, 28, 37.694318, -122.508127, 'Ipsum nostrud irure sint voluptate est elit proident. Nostrud officia quis ex culpa. Aliqua id incididunt aute adipisicing nostrud tempor excepteur enim.', 'https://via.placeholder.com/400/973/fff/?text=location162', 'images/Location Icon.png', 'Packaging', '2020-05-02'),
(163, 17, 37.771140, -122.485565, 'Sint id excepteur elit quis veniam nulla anim amet consectetur consectetur ea cupidatat pariatur nisi. Irure ut velit ea dolore eiusmod ut cupidatat sunt ea dolor voluptate amet nisi. Elit veniam consequat incididunt incididunt.', 'https://via.placeholder.com/400/865/fff/?text=location163', 'images/Location Icon.png', 'Sign', '2020-11-14'),
(164, 8, 37.703041, -122.465683, 'In dolore sunt et incididunt aliquip nisi velit nostrud aliquip id ut velit incididunt in. Occaecat magna fugiat in aute velit eu. Consequat cillum ullamco veniam Lorem commodo ut.', 'https://via.placeholder.com/400/738/fff/?text=location164', 'images/Location Icon.png', 'Poster', '2020-05-22'),
(165, 16, 37.722427, -122.425544, 'Id commodo incididunt do culpa fugiat eiusmod commodo tempor duis velit amet nostrud ad non. Minim commodo nostrud commodo ea ex qui est ea aute dolor reprehenderit proident. Ipsum non non velit magna magna duis minim.', 'https://via.placeholder.com/400/979/fff/?text=location165', 'images/Location Icon.png', 'Book cover', '2020-06-01'),
(166, 17, 37.660308, -122.424169, 'Sit anim reprehenderit enim officia ut. Lorem commodo cillum ad nostrud. Id ea occaecat nisi nostrud nulla minim cupidatat.', 'https://via.placeholder.com/400/872/fff/?text=location166', 'images/Location Icon.png', 'Billboard', '2020-02-03'),
(167, 9, 37.765591, -122.500117, 'Qui sunt pariatur nostrud excepteur sunt ullamco voluptate. Exercitation qui ad eiusmod veniam incididunt consectetur reprehenderit laborum officia ullamco amet consectetur laborum. Et ut voluptate laboris duis ullamco nisi commodo veniam aliquip aliqua officia voluptate aliquip.', 'https://via.placeholder.com/400/790/fff/?text=location167', 'images/Location Icon.png', 'Digital ad', '2020-07-27'),
(168, 50, 37.740246, -122.422266, 'Eiusmod adipisicing nostrud exercitation aute mollit. Deserunt do elit excepteur dolor sit. Consequat enim sunt proident ex amet nulla.', 'https://via.placeholder.com/400/919/fff/?text=location168', 'images/Location Icon.png', 'Poster', '2020-05-02'),
(169, 19, 37.705901, -122.500090, 'Tempor occaecat quis in est voluptate culpa enim est id ut. Magna enim anim reprehenderit aliqua et sit. Ipsum aliquip amet velit voluptate.', 'https://via.placeholder.com/400/944/fff/?text=location169', 'images/Location Icon.png', 'Packaging', '2020-10-13'),
(170, 1, 37.692878, -122.488186, 'Sit nulla nisi tempor laborum voluptate id consectetur. Consectetur nisi culpa est officia enim exercitation. Esse pariatur est culpa ullamco eiusmod.', 'https://via.placeholder.com/400/762/fff/?text=location170', 'images/Location Icon.png', 'Digital ad', '2020-07-31'),
(171, 18, 37.745137, -122.428193, 'Adipisicing amet id adipisicing tempor velit et labore mollit do cillum aliqua. Ut labore ad ea laborum. Id commodo proident occaecat amet labore velit eu incididunt Lorem sit anim ad nulla nisi.', 'https://via.placeholder.com/400/981/fff/?text=location171', 'images/Location Icon.png', 'Sign', '2020-11-14'),
(172, 37, 37.680801, -122.486386, 'Aute eiusmod id culpa culpa irure nulla irure elit mollit quis nisi laboris. Aliquip deserunt eu culpa incididunt incididunt dolore Lorem nulla. Cupidatat do mollit excepteur et minim quis aute.', 'https://via.placeholder.com/400/941/fff/?text=location172', 'images/Location Icon.png', 'Book cover', '2020-02-17'),
(173, 44, 37.645516, -122.492234, 'Laborum laboris ad ad ad quis deserunt veniam labore qui anim in veniam excepteur. Veniam eiusmod mollit nisi consequat exercitation esse reprehenderit ullamco. Qui labore Lorem mollit Lorem magna esse ea.', 'https://via.placeholder.com/400/791/fff/?text=location173', 'images/Location Icon.png', 'Digital ad', '2020-09-03'),
(174, 27, 37.733590, -122.452035, 'Aute sunt labore occaecat nulla dolor officia velit. Aliqua enim in nulla laborum cillum duis. Quis minim incididunt duis anim labore culpa voluptate labore laboris.', 'https://via.placeholder.com/400/911/fff/?text=location174', 'images/Location Icon.png', 'Sign', '2020-01-28'),
(175, 16, 37.728693, -122.434426, 'Mollit sunt non et dolore consequat officia. Laboris deserunt consectetur sint officia nostrud irure ipsum tempor. Sunt mollit officia enim nostrud sunt cillum id id aute adipisicing sunt id.', 'https://via.placeholder.com/400/759/fff/?text=location175', 'images/Location Icon.png', 'Sign', '2020-01-23'),
(176, 20, 37.765428, -122.409267, 'Voluptate elit do cillum quis cillum irure anim laborum deserunt deserunt irure veniam. Adipisicing est sint magna non commodo. Proident voluptate Lorem minim minim nisi ullamco elit proident in minim pariatur.', 'https://via.placeholder.com/400/869/fff/?text=location176', 'images/Location Icon.png', 'Poster', '2020-01-08'),
(177, 45, 37.689854, -122.501180, 'Proident ipsum laborum aliquip ullamco. Occaecat consectetur irure dolor anim nulla elit nisi labore aliquip do in ad adipisicing. Consequat sit mollit amet deserunt dolore incididunt adipisicing excepteur deserunt consectetur irure anim.', 'https://via.placeholder.com/400/972/fff/?text=location177', 'images/Location Icon.png', 'Poster', '2020-02-08'),
(178, 18, 37.744621, -122.415544, 'Ipsum enim pariatur sint sunt reprehenderit ut aute proident id. In dolor labore nulla amet elit aute incididunt ullamco ad enim amet. Nostrud commodo do quis duis non labore.', 'https://via.placeholder.com/400/972/fff/?text=location178', 'images/Location Icon.png', 'Poster', '2020-08-09'),
(179, 6, 37.671438, -122.492786, 'Sit commodo esse et magna fugiat veniam. Mollit deserunt amet sunt nisi sint in non elit dolore nostrud labore pariatur. Dolore aute cillum laboris culpa duis in.', 'https://via.placeholder.com/400/781/fff/?text=location179', 'images/Location Icon.png', 'Poster', '2020-06-22'),
(180, 18, 37.657649, -122.406105, 'Laboris sint velit in sint dolor velit Lorem aute dolor reprehenderit ea ea pariatur tempor. Enim cillum consequat occaecat sit enim culpa. Consectetur qui reprehenderit reprehenderit non sint deserunt est commodo laborum minim dolore.', 'https://via.placeholder.com/400/800/fff/?text=location180', 'images/Location Icon.png', 'Poster', '2020-02-09'),
(181, 7, 37.764893, -122.465300, 'Mollit elit enim adipisicing nostrud magna dolor ex duis et. Nisi aliqua velit consequat id anim. Duis velit dolore dolor ullamco eiusmod veniam pariatur ea ipsum enim incididunt ea id.', 'https://via.placeholder.com/400/793/fff/?text=location181', 'images/Location Icon.png', 'Billboard', '2020-11-17'),
(182, 13, 37.693896, -122.449281, 'Qui sit irure et anim eu ad anim deserunt. Occaecat aute id minim tempor aliquip eu amet amet. Duis irure qui veniam aute esse occaecat.', 'https://via.placeholder.com/400/923/fff/?text=location182', 'images/Location Icon.png', 'Book cover', '2020-04-21'),
(183, 15, 37.767275, -122.488743, 'Mollit cillum eu tempor excepteur amet ut. Culpa elit ex aliqua esse excepteur id consectetur elit veniam ex pariatur reprehenderit. Qui cillum ad fugiat laborum excepteur nulla duis nisi consequat ullamco ea sunt.', 'https://via.placeholder.com/400/905/fff/?text=location183', 'images/Location Icon.png', 'Book cover', '2020-09-19'),
(184, 34, 37.741560, -122.407099, 'Aliqua labore occaecat nisi irure elit tempor ea anim laboris esse do. Laborum irure est aliquip adipisicing tempor do. Duis eiusmod sit exercitation reprehenderit est minim fugiat deserunt veniam officia consectetur magna reprehenderit qui.', 'https://via.placeholder.com/400/819/fff/?text=location184', 'images/Location Icon.png', 'Sign', '2020-06-12'),
(185, 42, 37.682508, -122.466998, 'Ex sint deserunt elit anim et amet exercitation pariatur in qui. Minim aute pariatur ex est sit irure. Sunt laboris minim est laborum eu Lorem in elit exercitation.', 'https://via.placeholder.com/400/756/fff/?text=location185', 'images/Location Icon.png', 'Poster', '2020-10-10'),
(186, 16, 37.701081, -122.449264, 'Ut ut reprehenderit enim esse qui voluptate duis irure ut incididunt cupidatat. Fugiat ullamco est quis sit. Incididunt nostrud irure pariatur nisi laboris laborum sit qui cillum elit enim fugiat.', 'https://via.placeholder.com/400/909/fff/?text=location186', 'images/Location Icon.png', 'Sign', '2020-04-29'),
(187, 9, 37.746703, -122.457557, 'Amet dolore elit est adipisicing Lorem est exercitation quis nulla ad consequat proident est. Pariatur veniam officia velit irure adipisicing aliqua nostrud. Sint exercitation aliqua fugiat qui amet ex elit.', 'https://via.placeholder.com/400/760/fff/?text=location187', 'images/Location Icon.png', 'Sign', '2020-10-15'),
(188, 14, 37.734888, -122.487553, 'Amet esse eiusmod quis nostrud occaecat non ex est id excepteur et esse proident ad. Quis veniam eiusmod ea veniam incididunt exercitation. Magna consequat sint laborum est cillum qui sint exercitation dolore quis laboris.', 'https://via.placeholder.com/400/798/fff/?text=location188', 'images/Location Icon.png', 'Sign', '2020-10-12'),
(189, 13, 37.655930, -122.403790, 'Labore nisi consectetur et Lorem enim nisi. Adipisicing ipsum non ipsum deserunt. Nulla qui ad sunt commodo ex consequat voluptate quis culpa reprehenderit cupidatat elit fugiat.', 'https://via.placeholder.com/400/719/fff/?text=location189', 'images/Location Icon.png', 'Billboard', '2020-11-25'),
(190, 27, 37.712100, -122.506814, 'Proident do dolore cillum enim ipsum exercitation labore pariatur esse nulla duis. Minim Lorem amet voluptate culpa velit est laborum incididunt sit dolore ex esse. Commodo cillum veniam esse sint exercitation voluptate ex.', 'https://via.placeholder.com/400/847/fff/?text=location190', 'images/Location Icon.png', 'Sign', '2020-11-14'),
(191, 39, 37.655182, -122.483655, 'Minim cupidatat elit aliquip Lorem dolore cillum et aliqua labore. Elit laborum in ipsum aliquip incididunt officia eu irure. Cupidatat anim enim veniam nisi.', 'https://via.placeholder.com/400/884/fff/?text=location191', 'images/Location Icon.png', 'Digital ad', '2020-11-10'),
(192, 7, 37.683975, -122.489818, 'Ipsum veniam eu elit ea ex reprehenderit irure id ipsum nulla. Elit nulla eu aliqua mollit voluptate deserunt ut cillum sit reprehenderit aliquip veniam. Magna magna nisi ullamco excepteur aute velit cillum aliqua dolor minim.', 'https://via.placeholder.com/400/816/fff/?text=location192', 'images/Location Icon.png', 'Digital ad', '2020-02-29'),
(193, 5, 37.738096, -122.491983, 'Dolore ea ullamco proident irure laborum mollit consequat in. Incididunt ullamco voluptate id irure irure nostrud sit aute dolore proident cupidatat esse adipisicing. Est mollit anim dolor amet non duis ad sit.', 'https://via.placeholder.com/400/996/fff/?text=location193', 'images/Location Icon.png', 'Billboard', '2020-09-05'),
(194, 26, 37.651162, -122.417076, 'Magna mollit pariatur proident ullamco ad elit nostrud. Veniam cillum commodo labore velit ea cillum esse laboris. Cupidatat ipsum ipsum eiusmod est pariatur aliqua est reprehenderit reprehenderit quis ullamco esse deserunt.', 'https://via.placeholder.com/400/994/fff/?text=location194', 'images/Location Icon.png', 'Billboard', '2020-03-13'),
(195, 37, 37.647179, -122.437048, 'Sit dolor proident ut occaecat elit quis cupidatat cillum anim Lorem. Laborum laborum nostrud nulla aute in amet velit eu consectetur consequat culpa sunt. Tempor minim sunt dolore voluptate velit elit aliqua pariatur reprehenderit consequat anim tempor excepteur id.', 'https://via.placeholder.com/400/964/fff/?text=location195', 'images/Location Icon.png', 'Poster', '2020-06-26'),
(196, 50, 37.779944, -122.505684, 'Incididunt aliquip culpa reprehenderit nulla ex laborum id sit aute. Labore est eiusmod enim laboris sit sunt dolore irure ex. Esse tempor irure fugiat reprehenderit fugiat duis enim Lorem labore consectetur excepteur magna cillum fugiat.', 'https://via.placeholder.com/400/870/fff/?text=location196', 'images/Location Icon.png', 'Book cover', '2020-03-02'),
(197, 23, 37.709874, -122.415536, 'Non sint magna non eu eu magna duis esse exercitation. Pariatur eu cillum occaecat pariatur. Aliquip proident dolor officia dolore enim eu consequat cupidatat.', 'https://via.placeholder.com/400/774/fff/?text=location197', 'images/Location Icon.png', 'Book cover', '2020-01-09'),
(198, 32, 37.670903, -122.459677, 'Esse nulla consectetur sint aliqua non. Commodo ullamco velit elit anim deserunt esse elit. Velit nostrud exercitation enim fugiat aliquip irure duis commodo nulla cillum.', 'https://via.placeholder.com/400/813/fff/?text=location198', 'images/Location Icon.png', 'Book cover', '2020-06-24'),
(199, 19, 37.775922, -122.493909, 'Aliquip et labore ullamco sint officia ut occaecat non mollit minim minim cillum dolor reprehenderit. Et ullamco commodo aliquip adipisicing ex ullamco quis consectetur est amet id aliqua ut. Sunt ex irure deserunt in occaecat elit cillum elit incididunt dolor.', 'https://via.placeholder.com/400/775/fff/?text=location199', 'images/Location Icon.png', 'Digital ad', '2020-03-30'),
(200, 50, 37.716562, -122.432282, 'Laboris non est nostrud aute sit incididunt aliquip mollit ex qui id do aliqua. Duis aliqua ea do pariatur culpa quis ullamco laboris laborum ex commodo enim incididunt. Adipisicing ut officia duis cillum exercitation dolore.', 'https://via.placeholder.com/400/999/fff/?text=location200', 'images/Location Icon.png', 'Poster', '2020-10-28'),
(201, 18, 37.694801, -122.463263, 'Sit mollit proident ipsum id quis reprehenderit ex cupidatat. Sit Lorem incididunt deserunt ipsum elit anim consectetur nisi est et qui occaecat nulla. Quis in dolor sunt esse sit tempor laboris et nisi proident est et do aute.', 'https://via.placeholder.com/400/961/fff/?text=location201', 'images/Location Icon.png', 'Packaging', '2020-02-27'),
(202, 48, 37.686117, -122.443749, 'Aliqua ipsum proident incididunt nostrud in amet cillum adipisicing cupidatat. Excepteur aute eiusmod duis qui velit exercitation culpa reprehenderit do mollit. Culpa occaecat occaecat proident velit et do velit aute consectetur laboris ea id anim velit.', 'https://via.placeholder.com/400/893/fff/?text=location202', 'images/Location Icon.png', 'Poster', '2020-04-03'),
(203, 6, 37.667246, -122.460396, 'Velit pariatur anim aliqua id culpa consequat deserunt do nisi. Laborum veniam nostrud laborum anim commodo laboris sint amet Lorem consequat proident exercitation. Ex do deserunt labore officia ullamco fugiat reprehenderit fugiat amet ea ad deserunt.', 'https://via.placeholder.com/400/975/fff/?text=location203', 'images/Location Icon.png', 'Sign', '2020-02-17'),
(204, 15, 37.657542, -122.498187, 'Ad pariatur ea esse quis deserunt laborum labore duis irure id. Exercitation velit incididunt eu mollit tempor reprehenderit. Culpa commodo sit laboris incididunt.', 'https://via.placeholder.com/400/950/fff/?text=location204', 'images/Location Icon.png', 'Book cover', '2020-06-15'),
(205, 46, 37.677844, -122.443683, 'Labore laborum ullamco nulla id dolore culpa sunt. Consequat enim mollit nulla sunt labore velit duis consequat amet voluptate adipisicing. Qui laboris ut ea cupidatat exercitation irure exercitation sunt aute mollit consequat labore.', 'https://via.placeholder.com/400/917/fff/?text=location205', 'images/Location Icon.png', 'Sign', '2020-04-02'),
(206, 7, 37.688420, -122.494425, 'Exercitation nulla elit sit quis non ullamco nisi cillum nulla aliqua pariatur. Labore ea voluptate cupidatat dolor aliquip enim aliquip dolore. Cillum fugiat cillum ex mollit commodo laborum nulla sunt duis aliquip culpa anim qui velit.', 'https://via.placeholder.com/400/808/fff/?text=location206', 'images/Location Icon.png', 'Poster', '2020-04-09'),
(207, 37, 37.706752, -122.408735, 'Ipsum ea nostrud officia occaecat elit velit velit voluptate consectetur. Dolore ea amet esse aliquip ullamco velit cillum veniam laboris sint est velit. Elit ex ea aliqua amet duis esse cupidatat labore veniam tempor.', 'https://via.placeholder.com/400/749/fff/?text=location207', 'images/Location Icon.png', 'Poster', '2020-10-06'),
(208, 35, 37.711760, -122.492332, 'Culpa adipisicing quis excepteur ad sint eiusmod deserunt dolor enim consectetur et cupidatat. Lorem aliqua mollit voluptate in ea. Ex ut elit esse duis.', 'https://via.placeholder.com/400/700/fff/?text=location208', 'images/Location Icon.png', 'Packaging', '2020-04-29'),
(209, 34, 37.674188, -122.470276, 'Cillum non officia culpa proident eiusmod veniam. Officia deserunt exercitation sint excepteur velit in aliquip tempor voluptate consequat nisi quis cupidatat. Sint ut et minim et aliquip ullamco.', 'https://via.placeholder.com/400/862/fff/?text=location209', 'images/Location Icon.png', 'Packaging', '2020-03-27'),
(210, 21, 37.648675, -122.410698, 'Anim ea aliqua pariatur culpa reprehenderit fugiat incididunt sint. Ex tempor proident proident culpa cillum. Ad laboris deserunt esse ea duis velit pariatur quis aliqua ea qui ut.', 'https://via.placeholder.com/400/784/fff/?text=location210', 'images/Location Icon.png', 'Digital ad', '2020-08-22'),
(211, 50, 37.714059, -122.493521, 'Magna ullamco duis occaecat mollit proident ipsum Lorem laborum est irure Lorem. Ea consectetur excepteur sint aute esse cillum consectetur occaecat. Enim enim enim in veniam et commodo nostrud nulla quis quis irure laborum.', 'https://via.placeholder.com/400/704/fff/?text=location211', 'images/Location Icon.png', 'Book cover', '2020-10-27'),
(212, 28, 37.686553, -122.406855, 'Irure cillum qui amet sunt sunt non irure ad deserunt tempor. Ut ea ipsum excepteur occaecat aliquip magna consequat minim laborum officia exercitation amet cillum veniam. Reprehenderit aliqua commodo duis aute pariatur minim minim consequat duis consectetur officia qui Lorem.', 'https://via.placeholder.com/400/872/fff/?text=location212', 'images/Location Icon.png', 'Digital ad', '2020-06-05'),
(213, 7, 37.690627, -122.440984, 'Deserunt fugiat consequat aliquip laborum est cillum adipisicing dolor esse. Commodo duis consectetur aliquip tempor ex non ex. Cupidatat et culpa magna eu do.', 'https://via.placeholder.com/400/844/fff/?text=location213', 'images/Location Icon.png', 'Sign', '2020-11-15'),
(214, 3, 37.681465, -122.497119, 'Aliqua occaecat minim nisi amet quis cillum ex pariatur est magna sint. Exercitation ea cillum excepteur ipsum ut laborum. Nostrud est et laboris quis minim voluptate quis aute.', 'https://via.placeholder.com/400/811/fff/?text=location214', 'images/Location Icon.png', 'Billboard', '2020-04-28'),
(215, 18, 37.740680, -122.443318, 'Eiusmod incididunt et fugiat sunt ut anim quis duis adipisicing sunt. Excepteur officia amet labore adipisicing mollit. Deserunt fugiat anim excepteur minim ullamco velit voluptate est.', 'https://via.placeholder.com/400/897/fff/?text=location215', 'images/Location Icon.png', 'Sign', '2020-08-27'),
(216, 5, 37.757959, -122.453698, 'Anim commodo deserunt pariatur deserunt duis tempor excepteur mollit est. Dolor irure non irure non ex deserunt eiusmod aliquip incididunt et quis officia. Sint voluptate mollit quis dolor mollit.', 'https://via.placeholder.com/400/874/fff/?text=location216', 'images/Location Icon.png', 'Billboard', '2020-04-28'),
(217, 20, 37.751940, -122.454838, 'Deserunt voluptate exercitation enim deserunt. Irure quis cupidatat anim consequat quis aute cupidatat cupidatat deserunt tempor esse. Aliqua consequat ea reprehenderit officia eiusmod mollit mollit aliqua quis ad.', 'https://via.placeholder.com/400/836/fff/?text=location217', 'images/Location Icon.png', 'Poster', '2020-06-07'),
(218, 21, 37.738245, -122.394752, 'Veniam cillum aute sit pariatur reprehenderit sint. Aliqua id est incididunt irure proident qui duis quis sint in. Elit aute laborum velit aute incididunt ad velit qui irure excepteur nostrud.', 'https://via.placeholder.com/400/994/fff/?text=location218', 'images/Location Icon.png', 'Packaging', '2020-11-04'),
(219, 36, 37.643355, -122.433483, 'Irure mollit veniam aliqua adipisicing laboris do ex incididunt amet non voluptate. Culpa aute non cupidatat nostrud commodo et aliquip ullamco tempor quis ex. Reprehenderit duis dolore elit Lorem Lorem labore elit elit labore.', 'https://via.placeholder.com/400/860/fff/?text=location219', 'images/Location Icon.png', 'Digital ad', '2020-03-11'),
(220, 1, 37.728919, -122.430774, 'Sunt commodo laboris cillum ex tempor eu id cupidatat anim ex nulla eu esse. Eiusmod incididunt qui officia Lorem reprehenderit cupidatat ut ad labore. Esse deserunt in sunt est adipisicing anim ad.', 'https://via.placeholder.com/400/897/fff/?text=location220', 'images/Location Icon.png', 'Packaging', '2020-01-19'),
(221, 40, 37.693352, -122.504290, 'Esse amet fugiat eu veniam sunt eu proident. Culpa eu anim id laborum ad in. Quis magna deserunt magna duis id proident reprehenderit in.', 'https://via.placeholder.com/400/708/fff/?text=location221', 'images/Location Icon.png', 'Packaging', '2020-05-08'),
(222, 4, 37.768537, -122.498746, 'Consequat aliqua non proident aute ad. Ut est veniam adipisicing nulla dolor aute id. Aliquip aute minim sint dolore labore.', 'https://via.placeholder.com/400/788/fff/?text=location222', 'images/Location Icon.png', 'Packaging', '2020-04-04'),
(223, 11, 37.681397, -122.456178, 'Elit officia ut proident labore. Ad anim deserunt ea adipisicing labore reprehenderit pariatur. Ex pariatur do officia occaecat enim nulla aliqua do.', 'https://via.placeholder.com/400/998/fff/?text=location223', 'images/Location Icon.png', 'Sign', '2020-07-30'),
(224, 38, 37.678735, -122.441132, 'Laboris tempor incididunt reprehenderit ullamco nisi enim eiusmod aliquip fugiat. Velit sunt labore amet proident ad in cillum ea nulla enim voluptate. Exercitation occaecat veniam amet mollit.', 'https://via.placeholder.com/400/714/fff/?text=location224', 'images/Location Icon.png', 'Book cover', '2020-03-08'),
(225, 18, 37.774099, -122.505019, 'Magna commodo mollit elit labore. Enim occaecat aliquip ut mollit. Eiusmod veniam ex laboris quis reprehenderit sit ad sunt incididunt.', 'https://via.placeholder.com/400/842/fff/?text=location225', 'images/Location Icon.png', 'Billboard', '2020-04-01'),
(226, 15, 37.699935, -122.411002, 'Ipsum adipisicing consequat non laboris exercitation dolor culpa occaecat mollit cillum ullamco do. Officia ad Lorem ipsum et. Sint laborum non adipisicing cillum velit laborum ex irure esse sunt duis in pariatur ipsum.', 'https://via.placeholder.com/400/856/fff/?text=location226', 'images/Location Icon.png', 'Sign', '2020-06-11'),
(227, 30, 37.701467, -122.463669, 'Officia excepteur pariatur proident anim aliqua commodo nulla culpa consequat sint laborum. Eu Lorem labore magna excepteur adipisicing dolor veniam reprehenderit Lorem aute adipisicing proident. Do ex officia non esse est cillum ut consequat sint cillum.', 'https://via.placeholder.com/400/741/fff/?text=location227', 'images/Location Icon.png', 'Poster', '2020-03-11'),
(228, 39, 37.699067, -122.424503, 'Esse excepteur dolor quis ullamco velit nisi nisi magna cupidatat. Ut incididunt irure aliqua ipsum laborum quis eiusmod ex excepteur. Ullamco et commodo ea adipisicing nulla.', 'https://via.placeholder.com/400/908/fff/?text=location228', 'images/Location Icon.png', 'Digital ad', '2020-06-03'),
(229, 40, 37.659612, -122.479427, 'Tempor exercitation culpa excepteur aliqua dolore dolor excepteur ut dolor id eu occaecat Lorem amet. Fugiat eiusmod ea ut sunt cupidatat exercitation consequat consequat officia qui adipisicing. Enim aliqua quis et occaecat deserunt veniam ipsum pariatur adipisicing sint aute fugiat mollit.', 'https://via.placeholder.com/400/997/fff/?text=location229', 'images/Location Icon.png', 'Poster', '2020-07-13'),
(230, 26, 37.688026, -122.460382, 'Duis cillum duis do incididunt. Deserunt non reprehenderit magna labore ullamco sit excepteur sunt dolore velit enim ipsum nisi elit. Dolore laborum duis officia consectetur fugiat occaecat fugiat aute irure eiusmod ea.', 'https://via.placeholder.com/400/919/fff/?text=location230', 'images/Location Icon.png', 'Packaging', '2020-10-30'),
(231, 49, 37.695953, -122.454762, 'Sint excepteur veniam dolor exercitation do incididunt eiusmod elit ad cupidatat velit tempor irure laboris. Culpa veniam consequat sunt elit aliqua proident deserunt Lorem. Ut in incididunt magna consectetur id aute deserunt nulla officia enim.', 'https://via.placeholder.com/400/701/fff/?text=location231', 'images/Location Icon.png', 'Packaging', '2020-09-06'),
(232, 37, 37.741886, -122.458991, 'Nulla ullamco laboris tempor sunt quis quis id ea deserunt mollit Lorem sit nulla esse. Voluptate sunt ipsum laboris laborum elit ullamco velit Lorem labore. Ad quis nulla officia duis tempor aliqua culpa eiusmod ex voluptate occaecat culpa.', 'https://via.placeholder.com/400/771/fff/?text=location232', 'images/Location Icon.png', 'Packaging', '2020-10-20'),
(233, 11, 37.697872, -122.449651, 'Exercitation ad veniam commodo ullamco. Sint cillum consequat do minim in. Elit eu laboris eiusmod irure fugiat velit Lorem culpa aliqua aute minim excepteur deserunt eu.', 'https://via.placeholder.com/400/953/fff/?text=location233', 'images/Location Icon.png', 'Digital ad', '2020-09-20'),
(234, 42, 37.777825, -122.417576, 'Dolore officia ut aute adipisicing Lorem culpa enim. Duis commodo exercitation Lorem amet amet adipisicing elit in eiusmod ad tempor. Tempor deserunt aute anim fugiat ad consectetur magna incididunt sunt occaecat elit exercitation.', 'https://via.placeholder.com/400/938/fff/?text=location234', 'images/Location Icon.png', 'Sign', '2020-06-28'),
(235, 25, 37.687625, -122.474512, 'Tempor laboris id dolor amet culpa ullamco mollit velit culpa eiusmod eu cillum exercitation. Anim eu incididunt labore sunt consequat aliqua voluptate quis magna. Ea duis aliquip proident et dolore elit Lorem nulla incididunt sit ea non magna.', 'https://via.placeholder.com/400/872/fff/?text=location235', 'images/Location Icon.png', 'Digital ad', '2020-04-14'),
(236, 41, 37.781854, -122.449516, 'Duis eu aliquip ipsum officia esse. Consequat incididunt ex id deserunt ex quis eiusmod qui elit voluptate id ex et nulla. Enim eu anim incididunt esse duis.', 'https://via.placeholder.com/400/883/fff/?text=location236', 'images/Location Icon.png', 'Digital ad', '2020-09-21'),
(237, 34, 37.721594, -122.447681, 'Do pariatur magna sint ut fugiat. Adipisicing occaecat ex exercitation consectetur adipisicing incididunt ipsum anim nisi pariatur. Lorem fugiat enim cupidatat eu sunt.', 'https://via.placeholder.com/400/910/fff/?text=location237', 'images/Location Icon.png', 'Poster', '2020-07-26'),
(238, 11, 37.675488, -122.396517, 'Et veniam minim do proident dolore consectetur sit culpa aliqua consectetur adipisicing minim. Proident duis culpa cillum aliqua qui esse culpa nostrud irure. Quis nisi elit voluptate elit qui mollit aliquip eiusmod ex.', 'https://via.placeholder.com/400/939/fff/?text=location238', 'images/Location Icon.png', 'Book cover', '2020-11-13'),
(239, 19, 37.659007, -122.470771, 'Laborum ad culpa culpa nulla occaecat deserunt ad laboris amet in ea Lorem. Ad est ea occaecat qui laborum fugiat elit nisi do adipisicing. Aute nulla cupidatat irure qui ea pariatur eu cupidatat magna reprehenderit proident pariatur.', 'https://via.placeholder.com/400/933/fff/?text=location239', 'images/Location Icon.png', 'Poster', '2020-05-25'),
(240, 24, 37.761663, -122.480530, 'Laboris eu ad tempor amet eiusmod labore pariatur in. Non et non non qui exercitation consequat duis laboris. Duis minim nulla aliquip consequat sit est fugiat sint magna nisi.', 'https://via.placeholder.com/400/912/fff/?text=location240', 'images/Location Icon.png', 'Sign', '2020-05-24'),
(241, 15, 37.682638, -122.414105, 'Nisi duis enim officia non proident cupidatat labore quis velit dolore aliquip. Consequat duis enim exercitation proident ad nostrud ut nostrud irure. Et in anim elit duis non amet nostrud consequat laborum proident non velit.', 'https://via.placeholder.com/400/988/fff/?text=location241', 'images/Location Icon.png', 'Packaging', '2020-11-15'),
(242, 19, 37.723567, -122.465083, 'Culpa ut laborum culpa commodo ad aliquip aliquip. Id do ex cupidatat fugiat cupidatat et id sunt laboris elit excepteur fugiat ut. Et adipisicing duis qui Lorem do occaecat dolor deserunt tempor consequat Lorem.', 'https://via.placeholder.com/400/843/fff/?text=location242', 'images/Location Icon.png', 'Billboard', '2020-05-16'),
(243, 16, 37.755625, -122.398341, 'Reprehenderit amet cillum nostrud sit eiusmod cillum adipisicing. Sint ipsum commodo qui amet fugiat sunt ea veniam adipisicing tempor quis ipsum laborum elit. Id ea fugiat sunt culpa aliqua consequat laboris occaecat deserunt est et est.', 'https://via.placeholder.com/400/877/fff/?text=location243', 'images/Location Icon.png', 'Digital ad', '2020-03-05'),
(244, 39, 37.673304, -122.414393, 'Id fugiat commodo do elit officia et anim incididunt. Anim consectetur tempor eu officia quis nisi esse adipisicing est adipisicing sint. Minim elit occaecat anim officia officia dolore veniam proident nisi laboris est.', 'https://via.placeholder.com/400/931/fff/?text=location244', 'images/Location Icon.png', 'Packaging', '2020-10-14'),
(245, 2, 37.667826, -122.398938, 'Sint ea deserunt exercitation dolor exercitation. Labore veniam quis incididunt minim officia duis reprehenderit id exercitation incididunt. Sunt id officia aliquip ipsum aliquip amet commodo.', 'https://via.placeholder.com/400/811/fff/?text=location245', 'images/Location Icon.png', 'Book cover', '2020-11-27'),
(246, 46, 37.700155, -122.468961, 'Lorem Lorem non officia anim irure mollit voluptate consequat exercitation sunt eu laborum labore consequat. Irure laborum ad consequat dolore nisi eiusmod. Culpa incididunt labore reprehenderit id eu veniam Lorem exercitation sunt mollit in tempor laboris.', 'https://via.placeholder.com/400/885/fff/?text=location246', 'images/Location Icon.png', 'Poster', '2020-06-01'),
(247, 49, 37.737066, -122.428592, 'Cillum id incididunt pariatur sint. Cupidatat aliquip id voluptate aliquip aliquip ex ut Lorem excepteur cupidatat id occaecat enim consectetur. Veniam proident nulla labore reprehenderit esse minim culpa sint.', 'https://via.placeholder.com/400/871/fff/?text=location247', 'images/Location Icon.png', 'Poster', '2020-07-01'),
(248, 2, 37.776046, -122.431160, 'Dolor duis deserunt pariatur reprehenderit ullamco qui quis reprehenderit mollit exercitation aliquip culpa voluptate. Deserunt fugiat duis aliquip tempor ad excepteur aute. Commodo veniam est quis mollit ipsum ullamco ut pariatur et duis laboris eu enim.', 'https://via.placeholder.com/400/915/fff/?text=location248', 'images/Location Icon.png', 'Poster', '2020-10-11'),
(249, 40, 37.737146, -122.469067, 'Nulla occaecat officia pariatur tempor. In minim laborum id commodo esse pariatur. Consectetur ut quis dolor et dolor exercitation cupidatat deserunt sunt dolor et ipsum.', 'https://via.placeholder.com/400/814/fff/?text=location249', 'images/Location Icon.png', 'Poster', '2020-09-16'),
(250, 50, 37.716106, -122.449246, 'Culpa veniam aute eu magna labore incididunt reprehenderit elit. Est qui aliqua laboris elit eu officia pariatur duis qui qui aliquip mollit. Fugiat velit mollit magna ea sunt consectetur laborum dolor aute.', 'https://via.placeholder.com/400/942/fff/?text=location250', 'images/Location Icon.png', 'Book cover', '2020-04-22');

-- --------------------------------------------------------

--
-- Table structure for table `track_types`
--

CREATE TABLE `track_types` (
  `id` int(11) NOT NULL,
  `user_id` int(11) NOT NULL,
  `name` varchar(64) NOT NULL,
  `category` varchar(64) NOT NULL,
  `classification` varchar(64) NOT NULL,
  `img` varchar(256) NOT NULL
) ENGINE=MyISAM DEFAULT CHARSET=latin1;

--
-- Dumping data for table `track_types`
--

INSERT INTO `track_types` (`id`, `user_id`, `name`, `category`, `classification`, `img`) VALUES
(1, 2, 'Helvetica', 'Sans Serif', 'Neo-Grotesque', 'https://via.placeholder.com/400/883/fff/?text=Helvetica'),
(2, 9, 'Avenir', 'Sans Serif', 'Geometric', 'https://via.placeholder.com/400/884/fff/?text=Avenir'),
(3, 8, 'Times', 'Serif', 'Transitional', 'https://via.placeholder.com/400/898/fff/?text=Times'),
(4, 5, 'Gibson', 'Sans Serif', 'Humanist', 'https://via.placeholder.com/400/804/fff/?text=Gibson'),
(5, 4, 'Montserrat', 'Sans Serif', 'Geometric', 'https://via.placeholder.com/400/709/fff/?text=Montserrat'),
(6, 7, 'Open Sans', 'Sans Serif', 'Humanist', 'https://via.placeholder.com/400/967/fff/?text=Open Sans'),
(7, 4, 'Caslon', 'Serif', 'Old-Style', 'https://via.placeholder.com/400/725/fff/?text=Caslon'),
(8, 8, 'Cambria', 'Serif', 'Transitional', 'https://via.placeholder.com/400/867/fff/?text=Cambria'),
(9, 1, 'Mrs Eaves', 'Serif', 'Transitional', 'https://via.placeholder.com/400/948/fff/?text=Mrs Eaves'),
(10, 8, 'Trajan', 'Serif', 'Display Serif', 'https://via.placeholder.com/400/772/fff/?text=Trajan'),
(11, 2, 'Avenir', 'Sans Serif', 'Geometric', 'https://via.placeholder.com/400/807/fff/?text=Avenir'),
(12, 4, 'Arial', 'Sans Serif', 'Neo-Grotesque', 'https://via.placeholder.com/400/735/fff/?text=Arial'),
(13, 1, 'Clarendon', 'Serif', 'Slab Serif', 'https://via.placeholder.com/400/759/fff/?text=Clarendon'),
(14, 1, 'Rockwell', 'Serif', 'Slab Serif', 'https://via.placeholder.com/400/810/fff/?text=Rockwell'),
(15, 7, 'Montserrat', 'Sans Serif', 'Geometric', 'https://via.placeholder.com/400/733/fff/?text=Montserrat'),
(16, 5, 'Baskerville', 'Serif', 'Transitional', 'https://via.placeholder.com/400/951/fff/?text=Baskerville'),
(17, 9, 'Verdana', 'Sans Serif', 'Humanist', 'https://via.placeholder.com/400/953/fff/?text=Verdana'),
(18, 9, 'Times', 'Serif', 'Transitional', 'https://via.placeholder.com/400/875/fff/?text=Times'),
(19, 3, 'Adelle', 'Serif', 'Slab Serif', 'https://via.placeholder.com/400/829/fff/?text=Adelle'),
(20, 8, 'Cambria', 'Serif', 'Transitional', 'https://via.placeholder.com/400/893/fff/?text=Cambria'),
(21, 6, 'Bembo', 'Serif', 'Old-Style', 'https://via.placeholder.com/400/739/fff/?text=Bembo'),
(22, 3, 'Verdana', 'Sans Serif', 'Humanist', 'https://via.placeholder.com/400/924/fff/?text=Verdana'),
(23, 7, 'Gotham', 'Sans Serif', 'Geometric', 'https://via.placeholder.com/400/900/fff/?text=Gotham'),
(24, 4, 'Optima', 'Sans Serif', 'Humanist', 'https://via.placeholder.com/400/871/fff/?text=Optima'),
(25, 6, 'Futura', 'Sans Serif', 'Geometric', 'https://via.placeholder.com/400/713/fff/?text=Futura'),
(26, 9, 'Myriad', 'Sans Serif', 'Humanist', 'https://via.placeholder.com/400/946/fff/?text=Myriad'),
(27, 2, 'Cambria', 'Serif', 'Transitional', 'https://via.placeholder.com/400/835/fff/?text=Cambria'),
(28, 3, 'Calibri', 'Sans Serif', 'Humanist', 'https://via.placeholder.com/400/715/fff/?text=Calibri'),
(29, 9, 'Helvetica', 'Sans Serif', 'Neo-Grotesque', 'https://via.placeholder.com/400/913/fff/?text=Helvetica'),
(30, 5, 'Open Sans', 'Sans Serif', 'Humanist', 'https://via.placeholder.com/400/803/fff/?text=Open Sans'),
(31, 6, 'Goudy', 'Serif', 'Old-Style', 'https://via.placeholder.com/400/777/fff/?text=Goudy'),
(32, 7, 'Bembo', 'Serif', 'Old-Style', 'https://via.placeholder.com/400/922/fff/?text=Bembo'),
(33, 9, 'Caslon', 'Serif', 'Old-Style', 'https://via.placeholder.com/400/864/fff/?text=Caslon'),
(34, 3, 'Proxima Nova', 'Sans Serif', 'Geometric', 'https://via.placeholder.com/400/871/fff/?text=Proxima Nova'),
(35, 9, 'Myriad', 'Sans Serif', 'Humanist', 'https://via.placeholder.com/400/946/fff/?text=Myriad'),
(36, 1, 'Futura', 'Sans Serif', 'Geometric', 'https://via.placeholder.com/400/782/fff/?text=Futura'),
(37, 9, 'Lucida Sans', 'Sans Serif', 'Humanist', 'https://via.placeholder.com/400/895/fff/?text=Lucida Sans'),
(38, 1, 'Bodoni', 'Serif', 'Didone', 'https://via.placeholder.com/400/821/fff/?text=Bodoni'),
(39, 1, 'Lucida Sans', 'Sans Serif', 'Humanist', 'https://via.placeholder.com/400/809/fff/?text=Lucida Sans'),
(40, 5, 'Century Gothic', 'Sans Serif', 'Geometric', 'https://via.placeholder.com/400/780/fff/?text=Century Gothic'),
(41, 7, 'Lato', 'Sans Serif', 'Humanist', 'https://via.placeholder.com/400/884/fff/?text=Lato'),
(42, 7, 'Times', 'Serif', 'Transitional', 'https://via.placeholder.com/400/890/fff/?text=Times'),
(43, 9, 'Proxima Nova', 'Sans Serif', 'Geometric', 'https://via.placeholder.com/400/723/fff/?text=Proxima Nova'),
(44, 9, 'Verdana', 'Sans Serif', 'Humanist', 'https://via.placeholder.com/400/808/fff/?text=Verdana'),
(45, 7, 'Gill Sans', 'Sans Serif', 'Humanist', 'https://via.placeholder.com/400/902/fff/?text=Gill Sans'),
(46, 9, 'Georgia', 'Serif', 'Transitional', 'https://via.placeholder.com/400/969/fff/?text=Georgia'),
(47, 1, 'Caslon', 'Serif', 'Old-Style', 'https://via.placeholder.com/400/958/fff/?text=Caslon'),
(48, 9, 'Hoefler', 'Serif', 'Old-Style', 'https://via.placeholder.com/400/873/fff/?text=Hoefler'),
(49, 3, 'Optima', 'Sans Serif', 'Humanist', 'https://via.placeholder.com/400/735/fff/?text=Optima'),
(50, 7, 'Franklin Gothic', 'Sans Serif', 'Grotesque', 'https://via.placeholder.com/400/964/fff/?text=Franklin Gothic');

-- --------------------------------------------------------

--
-- Table structure for table `track_users`
--

CREATE TABLE `track_users` (
  `id` int(11) NOT NULL,
  `name` varchar(64) NOT NULL,
  `username` varchar(64) NOT NULL,
  `email` varchar(128) NOT NULL,
  `password` varchar(32) NOT NULL,
  `phone` varchar(15) NOT NULL,
  `img` varchar(256) NOT NULL,
  `occupation` varchar(64) NOT NULL
) ENGINE=MyISAM DEFAULT CHARSET=latin1;

--
-- Dumping data for table `track_users`
--

INSERT INTO `track_users` (`id`, `name`, `username`, `email`, `password`, `phone`, `img`, `occupation`) VALUES
(1, 'Patel Singleton', 'user1', 'user1@gmail.com', '1a1dc91c907325c69271ddf0c944bc72', '(908) 564-3177', 'https://via.placeholder.com/400/900/fff/?text=user1', 'Product Designer'),
(2, 'Mckenzie Knowles', 'user2', 'user2@gmail.com', '1a1dc91c907325c69271ddf0c944bc72', '(890) 496-2198', 'https://via.placeholder.com/400/723/fff/?text=user2', 'Game Designer'),
(3, 'Debora Sellers', 'user3', 'user3@gmail.com', '1a1dc91c907325c69271ddf0c944bc72', '(998) 436-2731', 'https://via.placeholder.com/400/892/fff/?text=user3', 'Motion Designer'),
(4, 'Kayla Nicholson', 'user4', 'user4@gmail.com', '1a1dc91c907325c69271ddf0c944bc72', '(833) 573-3252', 'https://via.placeholder.com/400/776/fff/?text=user4', 'Game Designer'),
(5, 'Leslie Vasquez', 'user5', 'user5@gmail.com', '1a1dc91c907325c69271ddf0c944bc72', '(962) 415-2648', 'https://via.placeholder.com/400/864/fff/?text=user5', 'Photographer'),
(6, 'Madden Blackburn', 'user6', 'user6@gmail.com', '1a1dc91c907325c69271ddf0c944bc72', '(862) 588-3215', 'https://via.placeholder.com/400/832/fff/?text=user6', 'Interior Designer'),
(7, 'Cervantes Lancaster', 'user7', 'user7@gmail.com', '1a1dc91c907325c69271ddf0c944bc72', '(990) 472-2621', 'https://via.placeholder.com/400/898/fff/?text=user7', 'UX Designer'),
(8, 'Washington Jimenez', 'user8', 'user8@gmail.com', '1a1dc91c907325c69271ddf0c944bc72', '(978) 429-3731', 'https://via.placeholder.com/400/919/fff/?text=user8', 'Motion Designer'),
(9, 'Herman Rollins', 'user9', 'user9@gmail.com', '1a1dc91c907325c69271ddf0c944bc72', '(943) 495-3242', 'https://via.placeholder.com/400/761/fff/?text=user9', 'Product Designer'),
(10, 'Ella Fields', 'user10', 'user10@gmail.com', '1a1dc91c907325c69271ddf0c944bc72', '(961) 463-2713', 'https://via.placeholder.com/400/750/fff/?text=user10', 'Freelancer');

--
-- Indexes for dumped tables
--

--
-- Indexes for table `track_locations`
--
ALTER TABLE `track_locations`
  ADD PRIMARY KEY (`id`);

--
-- Indexes for table `track_types`
--
ALTER TABLE `track_types`
  ADD PRIMARY KEY (`id`);

--
-- Indexes for table `track_users`
--
ALTER TABLE `track_users`
  ADD PRIMARY KEY (`id`);

--
-- AUTO_INCREMENT for dumped tables
--

--
-- AUTO_INCREMENT for table `track_locations`
--
ALTER TABLE `track_locations`
  MODIFY `id` int(11) NOT NULL AUTO_INCREMENT, AUTO_INCREMENT=251;

--
-- AUTO_INCREMENT for table `track_types`
--
ALTER TABLE `track_types`
  MODIFY `id` int(11) NOT NULL AUTO_INCREMENT, AUTO_INCREMENT=51;

--
-- AUTO_INCREMENT for table `track_users`
--
ALTER TABLE `track_users`
  MODIFY `id` int(11) NOT NULL AUTO_INCREMENT, AUTO_INCREMENT=11;
COMMIT;

/*!40101 SET CHARACTER_SET_CLIENT=@OLD_CHARACTER_SET_CLIENT */;
/*!40101 SET CHARACTER_SET_RESULTS=@OLD_CHARACTER_SET_RESULTS */;
/*!40101 SET COLLATION_CONNECTION=@OLD_COLLATION_CONNECTION */;
