-- phpMyAdmin SQL Dump
-- version 4.9.4
-- https://www.phpmyadmin.net/
--
-- Host: localhost:3306
-- Generation Time: Dec 03, 2020 at 03:41 AM
-- Server version: 5.6.49-cll-lve
-- PHP Version: 7.3.6

SET SQL_MODE = "NO_AUTO_VALUE_ON_ZERO";
SET AUTOCOMMIT = 0;
START TRANSACTION;
SET time_zone = "+00:00";


/*!40101 SET @OLD_CHARACTER_SET_CLIENT=@@CHARACTER_SET_CLIENT */;
/*!40101 SET @OLD_CHARACTER_SET_RESULTS=@@CHARACTER_SET_RESULTS */;
/*!40101 SET @OLD_COLLATION_CONNECTION=@@COLLATION_CONNECTION */;
/*!40101 SET NAMES utf8mb4 */;

--
-- Database: `type_journal`
--

-- --------------------------------------------------------

--
-- Table structure for table `track_locations`
--

CREATE TABLE `track_locations` (
  `id` int(11) NOT NULL,
  `type_id` int(11) NOT NULL,
  `lat` decimal(9,6) NOT NULL,
  `lng` decimal(9,6) NOT NULL,
  `note` text NOT NULL,
  `img` varchar(256) NOT NULL,
  `icon` varchar(256) NOT NULL,
  `application` varchar(64) NOT NULL,
  `font_style` varchar(64) NOT NULL,
  `usage_rating` int(1) NOT NULL,
  `date_create` date NOT NULL
) ENGINE=MyISAM DEFAULT CHARSET=latin1;

--
-- Dumping data for table `track_locations`
--

INSERT INTO `track_locations` (`id`, `type_id`, `lat`, `lng`, `note`, `img`, `icon`, `application`, `font_style`, `usage_rating`, `date_create`) VALUES
(1, 1, 37.693736, -122.452843, 'Ipsum sunt nisi laboris in sit velit esse commodo laborum eu nulla minim. Labore enim ut proident ea. Proident nostrud laboris consequat mollit.', 'https://via.placeholder.com/400/836/fff/?text=location1', 'images/Location Icon.png', 'Packaging', 'Capitalized', 2, '2020-12-01'),
(2, 35, 37.695163, -122.467533, 'Proident aute exercitation elit ea irure reprehenderit irure velit est et deserunt minim sint amet. Reprehenderit culpa fugiat et anim enim ipsum ex aute dolor do ipsum culpa. Ad id eiusmod exercitation pariatur laboris consectetur eiusmod enim quis proident do quis.', 'https://via.placeholder.com/400/738/fff/?text=location2', 'images/Location Icon.png', 'Packaging', 'Bold Italic', 2, '2020-04-18'),
(3, 26, 37.782283, -122.406229, 'Nostrud dolore nostrud nulla proident quis. Labore eiusmod velit fugiat qui duis pariatur aute ipsum commodo. Aute ea irure ea quis proident.', 'https://via.placeholder.com/400/850/fff/?text=location3', 'images/Location Icon.png', 'Book cover', 'Small Caps', 3, '2020-10-30'),
(4, 26, 37.755049, -122.477419, 'Aliquip incididunt mollit occaecat irure duis id duis commodo. Sint non sit Lorem anim. Consectetur officia sint officia aliquip velit veniam cillum et id amet qui officia deserunt ex.', 'https://via.placeholder.com/400/968/fff/?text=location4', 'images/Location Icon.png', 'Billboard', 'Regular', 1, '2020-07-10'),
(5, 39, 37.718341, -122.452557, 'Exercitation aute anim elit sit enim. Eu velit sint nulla sit deserunt eiusmod deserunt. Consequat elit sint tempor culpa veniam nisi esse irure nulla cillum laborum labore eu.', 'https://via.placeholder.com/400/753/fff/?text=location5', 'images/Location Icon.png', 'Packaging', 'Small Caps', 1, '2020-05-14'),
(6, 41, 37.708415, -122.438883, 'Ex ut eiusmod ullamco mollit ut sunt nostrud amet. Ex incididunt sunt dolor qui adipisicing enim deserunt aliquip do et. Irure sit tempor sunt velit in nostrud proident laboris aute.', 'https://via.placeholder.com/400/811/fff/?text=location6', 'images/Location Icon.png', 'Poster', 'Bold Italic', 1, '2020-08-11'),
(7, 2, 37.774511, -122.475580, 'Deserunt et elit dolore laborum reprehenderit. Elit laborum do ex excepteur mollit commodo exercitation nostrud consequat magna. Culpa eu dolore commodo commodo enim sint.', 'https://via.placeholder.com/400/717/fff/?text=location7', 'images/Location Icon.png', 'Packaging', 'Regular', 5, '2020-01-11'),
(8, 31, 37.772413, -122.445569, 'Anim est id culpa sint eiusmod eu velit. Anim aliquip nostrud et id. Fugiat anim id id sunt ullamco elit occaecat.', 'https://via.placeholder.com/400/984/fff/?text=location8', 'images/Location Icon.png', 'Billboard', 'Bold Italic', 4, '2020-04-17'),
(9, 48, 37.727513, -122.490991, 'Dolore aute labore elit Lorem aute quis minim cupidatat tempor in ut laboris dolor fugiat. Cupidatat eu tempor adipisicing duis. Ut ea veniam veniam ex cillum.', 'https://via.placeholder.com/400/796/fff/?text=location9', 'images/Location Icon.png', 'Digital ad', 'Capitalized', 1, '2020-10-10'),
(10, 29, 37.649354, -122.457806, 'Consectetur veniam culpa qui nulla id. Eiusmod laboris elit mollit fugiat consequat et consectetur anim qui nulla consequat in culpa pariatur. Dolor fugiat esse anim voluptate aliquip laboris Lorem voluptate pariatur adipisicing nulla amet minim irure.', 'https://via.placeholder.com/400/969/fff/?text=location10', 'images/Location Icon.png', 'Billboard', 'Capitalized', 5, '2020-02-25'),
(11, 1, 37.664462, -122.476784, 'Dolor et reprehenderit qui deserunt. Cillum cupidatat aliqua qui id nisi minim. Nisi officia et anim aute dolore dolore commodo tempor id esse quis.', 'https://via.placeholder.com/400/888/fff/?text=location11', 'images/Location Icon.png', 'Digital ad', 'Italic', 5, '2020-04-27'),
(12, 40, 37.679746, -122.430351, 'Aliqua aute ullamco nostrud sint tempor irure reprehenderit aliquip incididunt. Eu amet Lorem non anim eu dolore non Lorem. Et sint esse consequat elit magna proident.', 'https://via.placeholder.com/400/914/fff/?text=location12', 'images/Location Icon.png', 'Packaging', 'Small Caps', 2, '2020-10-29'),
(13, 8, 37.685464, -122.480606, 'Veniam eu voluptate enim veniam velit elit ipsum irure occaecat cupidatat est. Amet reprehenderit deserunt elit sit elit quis ipsum amet sunt eiusmod velit reprehenderit do. Sint ullamco adipisicing ullamco duis enim sit.', 'https://via.placeholder.com/400/715/fff/?text=location13', 'images/Location Icon.png', 'Billboard', 'Bold', 4, '2020-01-03'),
(14, 19, 37.704168, -122.463945, 'Lorem est aliqua dolor amet et dolor nulla exercitation nulla ad pariatur. Do fugiat sit est in ullamco aliqua anim pariatur elit cupidatat ipsum. Esse aliquip ipsum ut esse consequat exercitation tempor consequat sunt ullamco proident adipisicing.', 'https://via.placeholder.com/400/960/fff/?text=location14', 'images/Location Icon.png', 'Sign', 'Regular', 3, '2020-04-07'),
(15, 14, 37.766045, -122.494953, 'Aliqua minim consectetur cupidatat fugiat velit. Ut anim sit elit laboris est magna occaecat ea qui reprehenderit ut quis aliquip mollit. Minim eiusmod dolore aute deserunt quis enim cillum commodo culpa veniam cupidatat elit veniam.', 'https://via.placeholder.com/400/888/fff/?text=location15', 'images/Location Icon.png', 'Billboard', 'Regular', 3, '2020-04-08'),
(16, 18, 37.717398, -122.447636, 'Consectetur eu laboris veniam amet. Est occaecat laboris ea in. Aute id enim consectetur qui laborum exercitation.', 'https://via.placeholder.com/400/950/fff/?text=location16', 'images/Location Icon.png', 'Book cover', 'Light', 1, '2020-06-10'),
(17, 5, 37.765454, -122.478090, 'Amet dolor irure dolor deserunt et pariatur consectetur exercitation sit labore in duis culpa ullamco. Quis ad dolor occaecat aliquip et cillum ut excepteur aute cillum velit. Veniam ex laborum eiusmod culpa esse proident ex eiusmod anim eiusmod commodo eu.', 'https://via.placeholder.com/400/873/fff/?text=location17', 'images/Location Icon.png', 'Digital ad', 'Small Caps', 2, '2020-04-23'),
(18, 48, 37.677712, -122.412016, 'Labore sunt nulla enim nulla officia reprehenderit fugiat incididunt. Exercitation commodo enim proident culpa proident magna. Enim tempor do labore elit non laborum do dolor consequat consectetur eiusmod cillum sit.', 'https://via.placeholder.com/400/985/fff/?text=location18', 'images/Location Icon.png', 'Poster', 'Underline', 4, '2020-08-02'),
(19, 10, 37.747223, -122.419539, 'Anim qui incididunt laboris elit. Quis laborum id dolor voluptate ut commodo velit occaecat duis aliquip minim elit pariatur. Cillum eu tempor aliquip ipsum.', 'https://via.placeholder.com/400/735/fff/?text=location19', 'images/Location Icon.png', 'Digital ad', 'Black', 2, '2020-02-12'),
(20, 39, 37.740829, -122.441729, 'Officia enim sint est esse in officia eu nulla aliquip elit consequat veniam exercitation. Aliquip culpa mollit est in tempor minim ea eiusmod. Ipsum qui magna adipisicing dolor reprehenderit nulla laboris et.', 'https://via.placeholder.com/400/897/fff/?text=location20', 'images/Location Icon.png', 'Packaging', 'Small Caps', 3, '2020-06-29'),
(21, 7, 37.754743, -122.453572, 'Ex minim ea qui eu velit irure ex eu amet amet anim. Voluptate enim quis veniam duis quis dolor occaecat culpa fugiat amet commodo. Nisi ex id proident incididunt eiusmod eiusmod ad pariatur.', 'https://via.placeholder.com/400/758/fff/?text=location21', 'images/Location Icon.png', 'Digital ad', 'Bold', 1, '2020-09-28'),
(22, 8, 37.651592, -122.473715, 'Excepteur ullamco ullamco sunt in nisi nulla excepteur enim veniam. Consequat ea nulla labore qui consectetur do enim id eiusmod. Culpa eu in anim do sunt ex commodo excepteur fugiat.', 'https://via.placeholder.com/400/793/fff/?text=location22', 'images/Location Icon.png', 'Billboard', 'Black', 4, '2020-10-07'),
(23, 17, 37.704161, -122.485004, 'Id pariatur sint id cillum pariatur eu ex occaecat adipisicing. Laboris eiusmod minim aliquip reprehenderit enim. Commodo labore laborum laborum reprehenderit magna magna nulla sunt consequat laborum veniam aliquip qui.', 'https://via.placeholder.com/400/744/fff/?text=location23', 'images/Location Icon.png', 'Packaging', 'Bold Italic', 5, '2020-03-24'),
(24, 41, 37.714032, -122.498355, 'Irure consequat laboris nostrud voluptate nulla eiusmod esse non duis. Do exercitation eiusmod occaecat ad irure ipsum cupidatat occaecat tempor exercitation non exercitation. Elit nulla enim excepteur nulla consequat et velit nulla adipisicing eu fugiat.', 'https://via.placeholder.com/400/849/fff/?text=location24', 'images/Location Icon.png', 'Packaging', 'Bold', 5, '2020-06-05'),
(25, 9, 37.774589, -122.411812, 'Sint officia esse elit cupidatat tempor irure do. Culpa incididunt et eu dolor ipsum quis. Deserunt ex laborum mollit esse in sunt sunt proident laborum id elit enim qui.', 'https://via.placeholder.com/400/956/fff/?text=location25', 'images/Location Icon.png', 'Poster', 'Capitalized', 2, '2020-09-26'),
(26, 16, 37.723145, -122.441124, 'In minim consectetur quis ea et minim id reprehenderit veniam. Cupidatat dolor nisi elit enim laboris ea nostrud proident voluptate aliquip do velit adipisicing adipisicing. Tempor id non sunt voluptate minim culpa duis deserunt exercitation proident excepteur ullamco ea.', 'https://via.placeholder.com/400/810/fff/?text=location26', 'images/Location Icon.png', 'Poster', 'Regular', 4, '2020-12-01'),
(27, 13, 37.698317, -122.470495, 'Reprehenderit aute magna amet aute in aute anim non eu non laborum nulla voluptate. Culpa consequat consectetur sit cillum duis aliqua incididunt aliqua mollit enim. Incididunt reprehenderit enim elit officia incididunt dolor adipisicing excepteur dolore sint non tempor consequat.', 'https://via.placeholder.com/400/991/fff/?text=location27', 'images/Location Icon.png', 'Digital ad', 'Italic', 2, '2020-03-14'),
(28, 48, 37.769537, -122.490073, 'Labore culpa mollit velit deserunt ut. Exercitation voluptate ea sit do tempor mollit nulla magna irure quis ad laboris. Consectetur dolore consectetur amet velit veniam.', 'https://via.placeholder.com/400/856/fff/?text=location28', 'images/Location Icon.png', 'Packaging', 'Small Caps', 1, '2020-03-20'),
(29, 39, 37.778375, -122.477835, 'Nostrud pariatur non aute reprehenderit excepteur sit incididunt excepteur sit enim ipsum mollit dolor consectetur. Eiusmod ut enim nisi id ex culpa excepteur elit quis enim Lorem consequat veniam. Aliquip aute dolore minim nostrud est excepteur aliquip officia.', 'https://via.placeholder.com/400/737/fff/?text=location29', 'images/Location Icon.png', 'Billboard', 'Capitalized', 1, '2020-06-17'),
(30, 17, 37.753923, -122.414205, 'Id officia tempor non consequat commodo proident magna exercitation eu eiusmod. Pariatur mollit anim sint labore nisi qui duis elit sunt aute. Et ullamco enim proident est enim aliqua amet sit esse cupidatat eu proident in cupidatat.', 'https://via.placeholder.com/400/854/fff/?text=location30', 'images/Location Icon.png', 'Sign', 'Bold Italic', 2, '2020-09-24'),
(31, 40, 37.708243, -122.473492, 'Aute magna commodo commodo dolor sunt eu ex exercitation culpa nulla eu. Amet deserunt aliquip qui irure ea mollit eu. Sint enim culpa incididunt nisi nisi qui et amet qui eu officia.', 'https://via.placeholder.com/400/930/fff/?text=location31', 'images/Location Icon.png', 'Packaging', 'Black', 4, '2020-11-16'),
(32, 30, 37.714113, -122.403148, 'Consectetur minim duis voluptate elit nulla dolor tempor esse cupidatat est aute reprehenderit ipsum. Nostrud do duis eu tempor nulla labore sint ad. Dolore proident minim in nisi tempor eiusmod commodo irure sit elit cillum et.', 'https://via.placeholder.com/400/908/fff/?text=location32', 'images/Location Icon.png', 'Packaging', 'Light', 5, '2020-02-13'),
(33, 35, 37.719524, -122.473000, 'Magna nostrud esse ea amet proident amet occaecat. Fugiat quis cillum quis occaecat nisi do eu velit nulla Lorem nostrud dolor nisi. Dolore consectetur tempor mollit culpa reprehenderit esse sit qui.', 'https://via.placeholder.com/400/712/fff/?text=location33', 'images/Location Icon.png', 'Packaging', 'Regular', 1, '2020-03-10'),
(34, 21, 37.701830, -122.395012, 'Nulla officia veniam eu cillum adipisicing fugiat elit consectetur ipsum ullamco aute. Do irure esse ea occaecat do consequat do. Ex deserunt officia commodo adipisicing deserunt.', 'https://via.placeholder.com/400/785/fff/?text=location34', 'images/Location Icon.png', 'Sign', 'Light', 5, '2020-01-27'),
(35, 4, 37.738396, -122.439127, 'Eiusmod minim aute ipsum sint ullamco Lorem aliquip do duis adipisicing cillum culpa adipisicing et. Sit qui sint sint ut eu eiusmod et voluptate officia commodo. Lorem Lorem irure ullamco laborum id.', 'https://via.placeholder.com/400/973/fff/?text=location35', 'images/Location Icon.png', 'Billboard', 'Regular', 5, '2020-07-28'),
(36, 9, 37.657282, -122.440125, 'Incididunt sit magna cillum aliqua proident. Consequat tempor velit nisi qui incididunt. Do mollit non quis non proident ad enim officia voluptate officia ullamco eu.', 'https://via.placeholder.com/400/968/fff/?text=location36', 'images/Location Icon.png', 'Digital ad', 'Small Caps', 5, '2020-11-05'),
(37, 45, 37.766038, -122.423279, 'Et amet sit dolore qui aliquip quis irure duis laborum ipsum duis cupidatat proident excepteur. Magna deserunt occaecat laborum sint officia do voluptate ipsum nostrud Lorem. Amet ut officia fugiat irure sint nulla commodo ipsum officia dolore et irure.', 'https://via.placeholder.com/400/831/fff/?text=location37', 'images/Location Icon.png', 'Book cover', 'Underline', 1, '2020-02-14'),
(38, 27, 37.653897, -122.451362, 'Tempor occaecat ipsum elit officia amet officia irure magna ex. Consequat deserunt commodo elit eu in commodo voluptate mollit quis minim fugiat ea culpa velit. Proident elit officia commodo irure nostrud ex cillum magna.', 'https://via.placeholder.com/400/947/fff/?text=location38', 'images/Location Icon.png', 'Sign', 'Italic', 3, '2020-05-21'),
(39, 42, 37.691662, -122.411471, 'Culpa adipisicing ipsum anim nisi deserunt tempor reprehenderit nisi laboris quis eu. Quis labore aliqua magna deserunt reprehenderit consectetur. Proident nisi labore minim enim proident nisi anim esse nostrud do.', 'https://via.placeholder.com/400/974/fff/?text=location39', 'images/Location Icon.png', 'Poster', 'Capitalized', 4, '2020-09-18'),
(40, 22, 37.779526, -122.417136, 'Enim aliqua qui ex amet voluptate nisi nostrud eu amet non dolore. Et adipisicing eiusmod consequat qui qui deserunt. Eu dolore ullamco sint consectetur ullamco occaecat et qui aliquip dolore deserunt cillum dolor.', 'https://via.placeholder.com/400/877/fff/?text=location40', 'images/Location Icon.png', 'Digital ad', 'Capitalized', 3, '2020-04-25'),
(41, 33, 37.692167, -122.418734, 'Non Lorem pariatur esse laborum ipsum ad duis est. Laboris fugiat culpa irure do ex. Duis magna ipsum quis anim aute veniam.', 'https://via.placeholder.com/400/845/fff/?text=location41', 'images/Location Icon.png', 'Billboard', 'Capitalized', 5, '2020-07-24'),
(42, 28, 37.688399, -122.405602, 'Pariatur exercitation velit mollit voluptate laborum. Consectetur do aute nisi labore. Sit excepteur commodo dolore ipsum est sint magna aute enim nulla dolor mollit labore occaecat.', 'https://via.placeholder.com/400/895/fff/?text=location42', 'images/Location Icon.png', 'Book cover', 'Black', 5, '2020-07-07'),
(43, 46, 37.727511, -122.506981, 'Nulla sunt laborum elit proident incididunt occaecat et ipsum Lorem. Sunt elit dolore pariatur incididunt laboris. Laborum nulla labore laborum eiusmod excepteur.', 'https://via.placeholder.com/400/857/fff/?text=location43', 'images/Location Icon.png', 'Book cover', 'Capitalized', 4, '2020-02-04'),
(44, 50, 37.753119, -122.413553, 'Laboris veniam velit elit excepteur incididunt id consequat eu cupidatat commodo qui nostrud pariatur dolore. Qui nulla deserunt et officia in mollit minim ut veniam aliqua sunt fugiat. Tempor sint esse elit adipisicing adipisicing elit commodo duis.', 'https://via.placeholder.com/400/764/fff/?text=location44', 'images/Location Icon.png', 'Packaging', 'Underline', 3, '2020-12-01'),
(45, 1, 37.716526, -122.458775, 'Id ad reprehenderit voluptate non nulla cillum in. Nulla non proident do excepteur sunt ad officia et ad nisi in duis. Officia culpa irure exercitation irure reprehenderit ea exercitation mollit sunt aute.', 'https://via.placeholder.com/400/889/fff/?text=location45', 'images/Location Icon.png', 'Packaging', 'Bold', 2, '2020-05-06'),
(46, 3, 37.657431, -122.458249, 'Quis dolor in eu quis mollit veniam exercitation cupidatat mollit aliquip. Nisi et irure elit ipsum dolor elit commodo aliquip pariatur fugiat mollit non ea anim. Qui esse quis et non eiusmod.', 'https://via.placeholder.com/400/963/fff/?text=location46', 'images/Location Icon.png', 'Billboard', 'Bold', 1, '2020-06-14'),
(47, 35, 37.753788, -122.464481, 'Laborum anim deserunt ad minim minim. Nulla elit sint tempor incididunt dolor do veniam occaecat consectetur ipsum enim anim. Et ipsum id anim nisi in.', 'https://via.placeholder.com/400/795/fff/?text=location47', 'images/Location Icon.png', 'Sign', 'Regular', 4, '2020-07-01'),
(48, 13, 37.661055, -122.450457, 'Aliqua do dolor ullamco laborum deserunt sunt dolore non Lorem aute. Mollit commodo eiusmod mollit velit sit commodo incididunt reprehenderit nulla veniam commodo. Nisi irure sunt et commodo nostrud occaecat tempor veniam.', 'https://via.placeholder.com/400/735/fff/?text=location48', 'images/Location Icon.png', 'Digital ad', 'Black', 3, '2020-06-08'),
(49, 2, 37.678225, -122.482417, 'Ea do dolore ut nostrud enim fugiat qui proident proident voluptate dolore in consequat. Ad eiusmod ea minim exercitation. Tempor irure voluptate minim laboris officia consequat non aliqua consequat do adipisicing aliqua.', 'https://via.placeholder.com/400/958/fff/?text=location49', 'images/Location Icon.png', 'Billboard', 'Regular', 1, '2020-11-30'),
(50, 6, 37.649249, -122.403976, 'Est mollit nisi magna ipsum adipisicing duis. Laborum in officia enim labore ea in aliqua eiusmod labore non. Pariatur deserunt voluptate excepteur sint.', 'https://via.placeholder.com/400/778/fff/?text=location50', 'images/Location Icon.png', 'Packaging', 'Regular', 3, '2020-03-20'),
(51, 50, 37.671268, -122.395983, 'In elit sunt minim qui aliquip irure cupidatat aliquip. Non sunt nulla esse quis ipsum labore consequat sunt anim. Commodo sit commodo ullamco elit duis reprehenderit mollit quis nulla.', 'https://via.placeholder.com/400/957/fff/?text=location51', 'images/Location Icon.png', 'Packaging', 'Black', 5, '2020-10-07'),
(52, 46, 37.701171, -122.486792, 'Adipisicing fugiat eu pariatur do et tempor incididunt consectetur non ex voluptate aliquip aliquip do. Et laborum eu consectetur irure sint magna dolor culpa amet anim. Quis consequat ut excepteur sunt aute quis minim fugiat.', 'https://via.placeholder.com/400/910/fff/?text=location52', 'images/Location Icon.png', 'Packaging', 'Light', 5, '2020-11-14'),
(53, 27, 37.719597, -122.505605, 'Est dolore voluptate occaecat anim ad labore reprehenderit ex. Deserunt culpa nulla eiusmod adipisicing do ullamco do nulla nostrud officia sunt. Officia do nisi et ipsum reprehenderit sunt amet.', 'https://via.placeholder.com/400/886/fff/?text=location53', 'images/Location Icon.png', 'Billboard', 'Underline', 3, '2020-03-20'),
(54, 9, 37.724609, -122.425011, 'Do tempor eu consectetur dolor. Esse tempor velit ullamco fugiat laborum pariatur sint officia est officia duis reprehenderit. Aliquip pariatur ut ad consectetur ut sunt enim.', 'https://via.placeholder.com/400/715/fff/?text=location54', 'images/Location Icon.png', 'Billboard', 'Black', 3, '2020-11-29'),
(55, 40, 37.765796, -122.401301, 'Aliqua veniam ut occaecat duis laboris enim do tempor qui irure qui dolor aute do. Ut quis excepteur adipisicing excepteur consectetur reprehenderit ad eiusmod et eiusmod minim tempor est aliqua. Nisi ipsum aliqua est esse ad officia nisi Lorem reprehenderit consequat aute.', 'https://via.placeholder.com/400/844/fff/?text=location55', 'images/Location Icon.png', 'Sign', 'Capitalized', 1, '2020-09-05'),
(56, 28, 37.651751, -122.494283, 'Ea dolore aliquip amet officia veniam aute reprehenderit ipsum incididunt ullamco ut et deserunt. Fugiat occaecat et commodo ullamco. Eiusmod officia consequat consequat commodo in sit ipsum aute aliquip magna irure.', 'https://via.placeholder.com/400/949/fff/?text=location56', 'images/Location Icon.png', 'Poster', 'Small Caps', 3, '2020-02-07'),
(57, 49, 37.728909, -122.430581, 'Est nulla reprehenderit laboris ex voluptate do commodo. Officia eiusmod enim aute duis ut eiusmod id pariatur ea duis. Culpa aliqua dolor adipisicing anim commodo non incididunt tempor excepteur ea amet laborum enim voluptate.', 'https://via.placeholder.com/400/921/fff/?text=location57', 'images/Location Icon.png', 'Poster', 'Underline', 5, '2020-08-12'),
(58, 12, 37.722376, -122.416220, 'Eiusmod ullamco ipsum deserunt ea qui enim non sunt aute proident do quis veniam. Est dolore culpa excepteur anim officia. Aliqua ea ut eiusmod anim cupidatat nisi minim.', 'https://via.placeholder.com/400/890/fff/?text=location58', 'images/Location Icon.png', 'Book cover', 'Bold Italic', 3, '2020-05-28'),
(59, 12, 37.682093, -122.447232, 'Culpa minim culpa minim elit quis fugiat velit. Ipsum culpa Lorem consequat labore tempor ad et quis ullamco elit est sit occaecat dolore. Laborum ullamco aliquip fugiat ex ad ad officia eu.', 'https://via.placeholder.com/400/953/fff/?text=location59', 'images/Location Icon.png', 'Book cover', 'Capitalized', 3, '2020-07-08'),
(60, 15, 37.692396, -122.423245, 'Mollit amet esse sunt ut reprehenderit anim irure est nostrud ipsum mollit nostrud enim nulla. Qui laborum enim labore anim veniam cillum mollit et veniam Lorem excepteur non quis. Cupidatat laboris tempor Lorem reprehenderit cillum ea ea cillum est.', 'https://via.placeholder.com/400/784/fff/?text=location60', 'images/Location Icon.png', 'Billboard', 'Bold', 5, '2020-03-07'),
(61, 18, 37.724381, -122.471020, 'Officia mollit sit elit quis ullamco sunt officia voluptate dolor nulla adipisicing sunt. Consectetur in ipsum ex labore cillum irure irure ipsum et magna occaecat sunt. Consectetur laborum quis eiusmod sit aute veniam sunt deserunt consequat mollit esse deserunt ipsum nostrud.', 'https://via.placeholder.com/400/782/fff/?text=location61', 'images/Location Icon.png', 'Book cover', 'Capitalized', 4, '2020-11-22'),
(62, 36, 37.756422, -122.414794, 'Laboris cupidatat amet aliqua officia non esse ex sunt mollit do Lorem labore. Labore aliqua non incididunt id irure do cupidatat occaecat tempor sit commodo amet consectetur. Sit deserunt aute adipisicing Lorem pariatur quis do voluptate quis dolor dolore proident fugiat.', 'https://via.placeholder.com/400/990/fff/?text=location62', 'images/Location Icon.png', 'Poster', 'Light', 5, '2020-02-29'),
(63, 3, 37.727790, -122.505764, 'Eiusmod exercitation do amet cillum culpa laboris nostrud irure excepteur amet aliqua sint deserunt irure. Veniam aliqua adipisicing aliquip proident cillum consectetur qui aliqua minim consectetur labore. Non do sit veniam laboris.', 'https://via.placeholder.com/400/984/fff/?text=location63', 'images/Location Icon.png', 'Billboard', 'Bold', 5, '2020-08-30'),
(64, 20, 37.699711, -122.473786, 'Fugiat veniam eiusmod deserunt sit laboris Lorem tempor. Sit elit culpa enim deserunt proident minim. Consectetur sit eu pariatur labore.', 'https://via.placeholder.com/400/963/fff/?text=location64', 'images/Location Icon.png', 'Packaging', 'Underline', 3, '2020-11-30'),
(65, 34, 37.770652, -122.421569, 'Nulla pariatur magna est non veniam mollit consequat labore ipsum non. Cupidatat fugiat veniam nisi aute culpa reprehenderit minim exercitation duis esse amet. Sit aliqua culpa sint sit Lorem.', 'https://via.placeholder.com/400/738/fff/?text=location65', 'images/Location Icon.png', 'Poster', 'Bold Italic', 3, '2020-04-25'),
(66, 42, 37.742636, -122.474259, 'Non labore minim veniam amet aliquip. Sunt amet non mollit elit minim ex enim do. Nulla anim cupidatat aliquip consequat aliqua ea nostrud quis.', 'https://via.placeholder.com/400/927/fff/?text=location66', 'images/Location Icon.png', 'Book cover', 'Small Caps', 4, '2020-05-11'),
(67, 14, 37.707781, -122.459026, 'Est veniam sunt officia exercitation enim ullamco elit. Eu nulla excepteur nisi enim labore ea enim consequat irure in. Do sunt elit do aliqua deserunt ipsum duis enim cillum enim magna deserunt.', 'https://via.placeholder.com/400/764/fff/?text=location67', 'images/Location Icon.png', 'Poster', 'Bold Italic', 1, '2020-09-23'),
(68, 30, 37.754746, -122.451213, 'Nulla proident aliquip enim dolor ea. Magna exercitation sit irure ex culpa elit. Minim deserunt deserunt ut deserunt duis laboris irure magna magna qui laboris do et reprehenderit.', 'https://via.placeholder.com/400/857/fff/?text=location68', 'images/Location Icon.png', 'Poster', 'Regular', 5, '2020-01-30'),
(69, 23, 37.720230, -122.488646, 'Lorem anim magna ex voluptate non cupidatat aute id adipisicing magna eiusmod non eiusmod irure. Nulla ex occaecat consequat minim anim veniam enim eu qui ea. Excepteur nulla anim officia ut ad enim.', 'https://via.placeholder.com/400/787/fff/?text=location69', 'images/Location Icon.png', 'Sign', 'Black', 4, '2020-05-02'),
(70, 23, 37.720845, -122.489761, 'Cillum laboris est commodo sint sint. Cupidatat nostrud aute aliquip ad non amet in fugiat. Ad sunt consequat ut sunt non minim culpa cupidatat sint eiusmod consequat magna.', 'https://via.placeholder.com/400/830/fff/?text=location70', 'images/Location Icon.png', 'Billboard', 'Capitalized', 4, '2020-10-24'),
(71, 46, 37.677018, -122.433881, 'Amet amet dolore deserunt Lorem cupidatat excepteur esse reprehenderit deserunt proident. Adipisicing qui et ea minim exercitation voluptate. Qui officia cillum irure minim sunt est eu irure.', 'https://via.placeholder.com/400/965/fff/?text=location71', 'images/Location Icon.png', 'Digital ad', 'Light', 3, '2020-10-07'),
(72, 34, 37.740467, -122.420621, 'Enim veniam culpa irure esse tempor duis eu voluptate cillum dolor pariatur ea mollit adipisicing. Incididunt reprehenderit id elit eu aliquip commodo ipsum irure et non nisi exercitation consectetur. Magna pariatur ea amet eiusmod nostrud officia nostrud ea aliqua occaecat.', 'https://via.placeholder.com/400/752/fff/?text=location72', 'images/Location Icon.png', 'Billboard', 'Regular', 1, '2020-08-16'),
(73, 47, 37.689250, -122.409572, 'Lorem cupidatat pariatur incididunt aliquip ullamco sit pariatur exercitation velit. Incididunt tempor nisi proident quis incididunt. Eu deserunt incididunt aliquip amet laborum fugiat dolor ut mollit Lorem.', 'https://via.placeholder.com/400/979/fff/?text=location73', 'images/Location Icon.png', 'Sign', 'Underline', 2, '2020-06-13'),
(74, 45, 37.760349, -122.457122, 'Fugiat nisi reprehenderit sit qui exercitation nostrud laborum laboris nostrud. Ad officia anim laboris tempor dolor. Incididunt nulla nulla dolor magna enim laborum elit quis.', 'https://via.placeholder.com/400/727/fff/?text=location74', 'images/Location Icon.png', 'Digital ad', 'Italic', 5, '2020-08-30'),
(75, 10, 37.736657, -122.437381, 'Commodo duis nostrud eu non commodo dolore ea. Deserunt reprehenderit culpa fugiat irure amet nisi id. Aute labore aliqua proident eiusmod veniam elit proident.', 'https://via.placeholder.com/400/714/fff/?text=location75', 'images/Location Icon.png', 'Book cover', 'Bold', 4, '2020-10-25'),
(76, 31, 37.686218, -122.455493, 'Voluptate elit et culpa officia eu excepteur labore. Quis nisi ipsum ad exercitation exercitation amet aliqua id. Ipsum eu irure ipsum culpa minim pariatur in do minim et.', 'https://via.placeholder.com/400/703/fff/?text=location76', 'images/Location Icon.png', 'Book cover', 'Bold Italic', 1, '2020-03-06'),
(77, 49, 37.739770, -122.467828, 'Id irure proident proident duis labore duis eu non. Nostrud eiusmod ipsum Lorem magna duis. Quis commodo duis nostrud excepteur ex cupidatat anim.', 'https://via.placeholder.com/400/929/fff/?text=location77', 'images/Location Icon.png', 'Poster', 'Bold Italic', 2, '2020-09-02'),
(78, 43, 37.657342, -122.404026, 'Velit voluptate enim id enim velit eiusmod sint velit pariatur mollit. Officia adipisicing ipsum qui dolore culpa ullamco Lorem pariatur exercitation laboris sint mollit. Magna culpa consectetur duis ipsum laborum ex do amet do proident amet eiusmod eiusmod amet.', 'https://via.placeholder.com/400/711/fff/?text=location78', 'images/Location Icon.png', 'Book cover', 'Italic', 4, '2020-12-01'),
(79, 23, 37.761534, -122.443962, 'Duis occaecat esse et sint minim consequat Lorem deserunt. Velit nisi dolor labore tempor est laborum laborum. Consequat ut exercitation commodo consectetur.', 'https://via.placeholder.com/400/736/fff/?text=location79', 'images/Location Icon.png', 'Digital ad', 'Underline', 1, '2020-10-04'),
(80, 29, 37.729213, -122.480926, 'Id non nostrud ipsum incididunt ad ex magna ipsum esse excepteur in. Qui aliqua sit sunt exercitation. Lorem Lorem enim magna veniam anim labore ullamco commodo deserunt quis dolor.', 'https://via.placeholder.com/400/998/fff/?text=location80', 'images/Location Icon.png', 'Billboard', 'Black', 5, '2020-05-27'),
(81, 12, 37.774232, -122.462084, 'Esse et consectetur proident irure consectetur officia labore laboris exercitation enim. Dolor deserunt ex sunt culpa. Et exercitation exercitation do exercitation.', 'https://via.placeholder.com/400/976/fff/?text=location81', 'images/Location Icon.png', 'Billboard', 'Underline', 4, '2020-05-01'),
(82, 35, 37.667964, -122.443014, 'Aute dolor cillum esse esse. Do est esse tempor pariatur duis pariatur proident consectetur esse est. Nisi amet reprehenderit aute laboris.', 'https://via.placeholder.com/400/798/fff/?text=location82', 'images/Location Icon.png', 'Digital ad', 'Italic', 1, '2020-02-09'),
(83, 7, 37.701605, -122.409141, 'Do in cupidatat esse esse voluptate in aute eiusmod ut Lorem laboris. Eiusmod tempor amet consectetur velit est veniam est aliqua minim laborum amet quis fugiat culpa. Occaecat elit elit ut consequat nulla.', 'https://via.placeholder.com/400/926/fff/?text=location83', 'images/Location Icon.png', 'Sign', 'Capitalized', 4, '2020-05-05'),
(84, 19, 37.755527, -122.414012, 'Dolore amet deserunt ut anim adipisicing proident tempor ullamco enim enim adipisicing deserunt. Sit excepteur elit exercitation enim ad est quis quis. Ipsum cillum enim commodo sint ut tempor mollit officia duis dolore in consectetur.', 'https://via.placeholder.com/400/976/fff/?text=location84', 'images/Location Icon.png', 'Billboard', 'Light', 3, '2020-10-10'),
(85, 27, 37.648408, -122.495666, 'Elit velit mollit amet ullamco aute eiusmod culpa veniam incididunt. Id laboris sit ex nisi cupidatat labore fugiat quis ut nisi. Ut exercitation commodo sint nostrud aliquip proident velit quis nisi officia et aute deserunt.', 'https://via.placeholder.com/400/818/fff/?text=location85', 'images/Location Icon.png', 'Billboard', 'Bold', 5, '2020-08-29'),
(86, 10, 37.722377, -122.465892, 'Amet ut tempor culpa et mollit aute ullamco nisi pariatur deserunt exercitation pariatur. Laborum officia labore aute dolore Lorem consequat consequat magna enim exercitation nisi ad. Eu ullamco dolor quis labore anim eiusmod officia sit in pariatur laborum occaecat dolore.', 'https://via.placeholder.com/400/895/fff/?text=location86', 'images/Location Icon.png', 'Book cover', 'Bold Italic', 2, '2020-06-13'),
(87, 34, 37.683666, -122.473662, 'Nisi dolor sit ullamco et est. Culpa voluptate incididunt amet id cillum aute reprehenderit. Velit nulla nostrud anim consequat culpa ullamco ullamco laboris commodo aliquip sint aliqua cupidatat.', 'https://via.placeholder.com/400/967/fff/?text=location87', 'images/Location Icon.png', 'Sign', 'Capitalized', 3, '2020-09-02'),
(88, 2, 37.754569, -122.404610, 'Officia esse minim ut sunt laboris minim cillum proident Lorem ex consequat proident. Anim consequat incididunt anim excepteur. Ad voluptate culpa laborum deserunt velit voluptate labore aliquip ea irure.', 'https://via.placeholder.com/400/893/fff/?text=location88', 'images/Location Icon.png', 'Poster', 'Small Caps', 3, '2020-06-18'),
(89, 7, 37.687266, -122.415849, 'Labore dolor et exercitation do aute nulla ex consequat nulla enim dolore. Qui laborum aliquip voluptate enim tempor anim consectetur velit duis. Exercitation proident esse reprehenderit incididunt amet.', 'https://via.placeholder.com/400/756/fff/?text=location89', 'images/Location Icon.png', 'Packaging', 'Underline', 1, '2020-07-11'),
(90, 19, 37.712791, -122.446007, 'Eiusmod voluptate consequat ut aute aliqua fugiat ea sint pariatur magna. Sunt proident sunt laborum sint. Laboris incididunt id irure qui excepteur dolor eiusmod.', 'https://via.placeholder.com/400/972/fff/?text=location90', 'images/Location Icon.png', 'Packaging', 'Black', 5, '2020-09-28'),
(91, 43, 37.777072, -122.460072, 'Tempor excepteur laboris id cupidatat laborum eiusmod voluptate mollit reprehenderit eiusmod eu dolore amet quis. Amet ad ad Lorem do duis commodo voluptate occaecat enim. Magna qui nulla Lorem qui ex.', 'https://via.placeholder.com/400/749/fff/?text=location91', 'images/Location Icon.png', 'Sign', 'Small Caps', 2, '2020-08-07'),
(92, 42, 37.741970, -122.467403, 'Cupidatat cillum ea officia laboris ipsum et. Minim culpa aute eu fugiat magna nisi cillum consectetur. Nisi in dolor dolor cupidatat amet laboris duis.', 'https://via.placeholder.com/400/850/fff/?text=location92', 'images/Location Icon.png', 'Packaging', 'Small Caps', 1, '2020-09-28'),
(93, 41, 37.672121, -122.506587, 'Culpa dolor velit non amet sunt tempor ad et excepteur aute eu qui incididunt commodo. Laboris duis velit deserunt consequat proident excepteur laboris commodo cillum amet laborum. In id nostrud anim occaecat elit sit velit consectetur duis duis.', 'https://via.placeholder.com/400/943/fff/?text=location93', 'images/Location Icon.png', 'Billboard', 'Small Caps', 1, '2020-09-21'),
(94, 3, 37.664411, -122.505572, 'Ut ea do magna sit. Irure enim anim esse ex Lorem occaecat elit sint labore exercitation reprehenderit. Sunt ea eiusmod sint sit esse proident nostrud sit eu veniam cillum et labore dolore.', 'https://via.placeholder.com/400/809/fff/?text=location94', 'images/Location Icon.png', 'Sign', 'Light', 2, '2020-04-30'),
(95, 7, 37.653722, -122.441887, 'Dolore cillum eu enim qui aute ullamco deserunt consequat. Mollit consequat elit excepteur duis ad. Ad dolor nostrud ut magna proident duis reprehenderit cupidatat ex mollit mollit.', 'https://via.placeholder.com/400/953/fff/?text=location95', 'images/Location Icon.png', 'Sign', 'Bold', 5, '2020-03-16'),
(96, 49, 37.741607, -122.408636, 'Dolor nisi anim velit incididunt. Ullamco nostrud qui in ea deserunt elit dolore consectetur. Sunt occaecat cillum tempor aliquip excepteur et irure pariatur.', 'https://via.placeholder.com/400/857/fff/?text=location96', 'images/Location Icon.png', 'Digital ad', 'Bold', 2, '2020-01-15'),
(97, 5, 37.727329, -122.495513, 'Incididunt irure pariatur aliquip ad in. Ullamco in sunt in mollit. Dolor aute culpa labore elit ex Lorem magna amet id quis nisi.', 'https://via.placeholder.com/400/962/fff/?text=location97', 'images/Location Icon.png', 'Billboard', 'Bold', 5, '2020-07-16'),
(98, 34, 37.655001, -122.417905, 'Occaecat aliquip irure velit do ad proident sit sint. Mollit est ullamco sint ipsum sint enim irure laboris. Ut aute nulla laborum incididunt aliquip consectetur est qui non commodo dolore in.', 'https://via.placeholder.com/400/977/fff/?text=location98', 'images/Location Icon.png', 'Sign', 'Italic', 1, '2020-05-07'),
(99, 17, 37.674926, -122.446687, 'Incididunt reprehenderit magna in velit ea nisi laborum dolore. Proident ullamco amet cupidatat laborum velit sint amet. Ullamco deserunt aliquip ex commodo ipsum consectetur commodo et voluptate exercitation nisi.', 'https://via.placeholder.com/400/859/fff/?text=location99', 'images/Location Icon.png', 'Poster', 'Light', 1, '2020-06-29'),
(100, 4, 37.667397, -122.482962, 'Non reprehenderit proident commodo sunt sint nostrud eiusmod ipsum cillum ad incididunt. Proident occaecat officia amet duis duis tempor dolor. Fugiat excepteur ullamco sint enim minim tempor anim eu Lorem id aute.', 'https://via.placeholder.com/400/917/fff/?text=location100', 'images/Location Icon.png', 'Poster', 'Regular', 4, '2020-11-15'),
(101, 24, 37.738279, -122.452057, 'Sint ut nostrud nulla exercitation adipisicing duis officia et. Eiusmod veniam elit elit proident Lorem et commodo cupidatat incididunt labore. Do officia fugiat ut veniam dolore.', 'https://via.placeholder.com/400/798/fff/?text=location101', 'images/Location Icon.png', 'Digital ad', 'Italic', 2, '2020-08-13'),
(102, 12, 37.654780, -122.507159, 'Minim aute veniam cillum magna enim do. Nulla ipsum Lorem anim Lorem. Nulla commodo excepteur commodo occaecat mollit ipsum consectetur ipsum fugiat commodo proident excepteur ea.', 'https://via.placeholder.com/400/769/fff/?text=location102', 'images/Location Icon.png', 'Packaging', 'Regular', 2, '2020-04-01'),
(103, 12, 37.700740, -122.440346, 'Excepteur aliquip culpa culpa ut esse exercitation ea proident mollit nostrud mollit labore tempor dolore. Eu cillum anim ea est sunt culpa exercitation excepteur ex consequat. Voluptate duis dolore excepteur et laboris reprehenderit in cillum qui.', 'https://via.placeholder.com/400/723/fff/?text=location103', 'images/Location Icon.png', 'Packaging', 'Bold', 2, '2020-08-27'),
(104, 5, 37.779521, -122.507245, 'Enim velit nulla amet consectetur duis ad excepteur nostrud et non. Exercitation consequat adipisicing ipsum tempor duis incididunt veniam aliqua occaecat. In do dolore laboris sunt occaecat et minim irure.', 'https://via.placeholder.com/400/988/fff/?text=location104', 'images/Location Icon.png', 'Digital ad', 'Capitalized', 4, '2020-11-25'),
(105, 6, 37.768648, -122.473281, 'Eiusmod ex in sint proident tempor eiusmod dolore sit. Do incididunt eiusmod voluptate elit velit esse esse enim id sunt voluptate. Lorem nulla ipsum aute ex aute sit commodo adipisicing labore.', 'https://via.placeholder.com/400/993/fff/?text=location105', 'images/Location Icon.png', 'Poster', 'Bold Italic', 3, '2020-09-08'),
(106, 39, 37.705781, -122.495946, 'Incididunt nostrud nostrud anim ex dolore excepteur magna sunt nostrud nulla excepteur elit cillum ad. Laborum ipsum cupidatat excepteur anim ex. Consectetur cillum aliquip occaecat reprehenderit.', 'https://via.placeholder.com/400/806/fff/?text=location106', 'images/Location Icon.png', 'Digital ad', 'Light', 2, '2020-05-31'),
(107, 26, 37.699233, -122.441963, 'Ipsum commodo fugiat commodo consequat proident irure do aliqua ut esse. Anim pariatur voluptate pariatur Lorem ut occaecat sint. Ad eiusmod do enim deserunt pariatur ipsum.', 'https://via.placeholder.com/400/965/fff/?text=location107', 'images/Location Icon.png', 'Digital ad', 'Small Caps', 4, '2020-07-10'),
(108, 4, 37.769147, -122.399506, 'Sunt in nostrud nostrud qui minim aliqua commodo minim laboris. Enim occaecat proident nulla irure fugiat id. Nisi consectetur anim aliquip nostrud est ullamco ut in qui Lorem nostrud deserunt in.', 'https://via.placeholder.com/400/944/fff/?text=location108', 'images/Location Icon.png', 'Packaging', 'Capitalized', 5, '2020-04-03'),
(109, 30, 37.739956, -122.472425, 'Mollit deserunt nisi pariatur ullamco proident qui duis sit amet cupidatat veniam. Qui sit ipsum cupidatat irure in pariatur occaecat. In incididunt irure tempor id ad ipsum ea sit ea ea excepteur eiusmod.', 'https://via.placeholder.com/400/740/fff/?text=location109', 'images/Location Icon.png', 'Book cover', 'Capitalized', 1, '2020-08-08'),
(110, 40, 37.769724, -122.420462, 'Elit labore et irure voluptate eiusmod aute cupidatat. Tempor magna minim et magna aute duis anim nulla magna quis Lorem labore labore adipisicing. Cupidatat eiusmod pariatur consequat reprehenderit.', 'https://via.placeholder.com/400/891/fff/?text=location110', 'images/Location Icon.png', 'Book cover', 'Regular', 3, '2020-07-25'),
(111, 19, 37.679236, -122.462322, 'Occaecat labore sunt enim qui do ea eiusmod mollit ad culpa aliqua. Laboris adipisicing exercitation ipsum dolore nulla aliquip. Deserunt culpa occaecat nisi deserunt dolor dolore occaecat.', 'https://via.placeholder.com/400/711/fff/?text=location111', 'images/Location Icon.png', 'Packaging', 'Underline', 5, '2020-07-19'),
(112, 22, 37.728359, -122.402014, 'Cupidatat magna mollit reprehenderit magna Lorem mollit amet commodo. Sunt culpa laborum commodo magna aliqua non enim excepteur excepteur id dolor magna. Excepteur dolor enim ullamco mollit ex dolore aute reprehenderit aliquip elit pariatur et cillum id.', 'https://via.placeholder.com/400/882/fff/?text=location112', 'images/Location Icon.png', 'Book cover', 'Regular', 1, '2020-07-17'),
(113, 41, 37.753043, -122.409144, 'Non esse nisi reprehenderit minim consequat tempor ad Lorem consectetur esse. Cupidatat duis anim adipisicing excepteur ea eiusmod veniam eiusmod. Sit sunt occaecat incididunt nulla nisi occaecat velit dolore.', 'https://via.placeholder.com/400/782/fff/?text=location113', 'images/Location Icon.png', 'Poster', 'Small Caps', 1, '2020-04-04'),
(114, 39, 37.763560, -122.497614, 'Voluptate ut consectetur proident tempor occaecat qui aute. In magna incididunt in fugiat enim exercitation laborum enim nisi pariatur ullamco. Ut veniam minim est esse velit ipsum nisi ut.', 'https://via.placeholder.com/400/796/fff/?text=location114', 'images/Location Icon.png', 'Billboard', 'Black', 2, '2020-07-09'),
(115, 31, 37.771907, -122.470317, 'Exercitation elit eiusmod ipsum occaecat non irure fugiat id sunt proident voluptate duis cillum velit. Ipsum in non ut cupidatat Lorem proident cupidatat exercitation aute laborum sit. Ipsum aute Lorem sint laboris et.', 'https://via.placeholder.com/400/920/fff/?text=location115', 'images/Location Icon.png', 'Digital ad', 'Light', 2, '2020-08-15'),
(116, 24, 37.660367, -122.471617, 'Aliquip sint nulla irure reprehenderit consectetur irure deserunt do irure occaecat officia. Cillum voluptate aliqua elit aliquip id. Ipsum non sunt irure officia.', 'https://via.placeholder.com/400/709/fff/?text=location116', 'images/Location Icon.png', 'Sign', 'Bold Italic', 4, '2020-09-30'),
(117, 27, 37.691117, -122.468823, 'Do culpa dolore elit sit quis fugiat ullamco et eiusmod. Laborum ea ad amet id ex. Voluptate laboris pariatur quis nostrud.', 'https://via.placeholder.com/400/936/fff/?text=location117', 'images/Location Icon.png', 'Poster', 'Bold', 4, '2020-04-10'),
(118, 11, 37.722857, -122.497375, 'Dolore laboris minim aliquip minim consequat esse reprehenderit aute. Consequat cupidatat eu exercitation ullamco amet culpa aliqua labore sunt tempor ex aliqua culpa id. Qui esse nostrud deserunt pariatur ut excepteur ad ad sint velit Lorem ut.', 'https://via.placeholder.com/400/808/fff/?text=location118', 'images/Location Icon.png', 'Billboard', 'Light', 4, '2020-11-20'),
(119, 44, 37.739383, -122.479989, 'Occaecat voluptate incididunt ipsum officia duis eiusmod. Officia in laboris qui cupidatat elit id commodo sit aute voluptate anim. Officia ut cupidatat adipisicing laboris ut.', 'https://via.placeholder.com/400/735/fff/?text=location119', 'images/Location Icon.png', 'Billboard', 'Light', 3, '2020-11-06'),
(120, 48, 37.659325, -122.471140, 'Occaecat mollit eiusmod Lorem veniam id minim. Culpa ullamco velit occaecat occaecat magna sint proident sint aliquip eu aliqua Lorem cillum id. Esse ad est consectetur pariatur ea adipisicing sit cupidatat nulla.', 'https://via.placeholder.com/400/782/fff/?text=location120', 'images/Location Icon.png', 'Book cover', 'Light', 5, '2020-05-07'),
(121, 41, 37.730381, -122.438440, 'Esse quis occaecat incididunt dolore magna sint cupidatat elit proident nostrud quis cillum ullamco culpa. Et minim ullamco veniam exercitation consequat. Dolore proident anim elit do culpa consequat amet et sint qui id excepteur et.', 'https://via.placeholder.com/400/804/fff/?text=location121', 'images/Location Icon.png', 'Billboard', 'Capitalized', 2, '2020-09-28'),
(122, 3, 37.682204, -122.482236, 'Qui deserunt eiusmod dolor pariatur proident cillum ex in. Sunt qui exercitation tempor elit consequat ea eu officia. Commodo sint ullamco incididunt amet id commodo Lorem qui laboris do aute sit commodo enim.', 'https://via.placeholder.com/400/825/fff/?text=location122', 'images/Location Icon.png', 'Sign', 'Black', 4, '2020-01-03'),
(123, 23, 37.682924, -122.444517, 'Duis ea occaecat ex in exercitation magna Lorem ullamco velit consequat non qui. Commodo ad quis ex ad qui amet ea ut aliqua ullamco ipsum. Adipisicing consectetur cillum velit pariatur aute consectetur exercitation nisi.', 'https://via.placeholder.com/400/899/fff/?text=location123', 'images/Location Icon.png', 'Sign', 'Small Caps', 1, '2020-04-26'),
(124, 5, 37.742314, -122.413161, 'Dolore magna irure ea officia adipisicing aliquip elit officia ullamco irure. Adipisicing minim labore enim ea. Ut duis laborum ut nulla.', 'https://via.placeholder.com/400/805/fff/?text=location124', 'images/Location Icon.png', 'Book cover', 'Bold', 3, '2020-11-28'),
(125, 37, 37.770931, -122.448793, 'Minim nulla nulla cupidatat proident in duis ut tempor velit nisi amet aute. Aliqua voluptate in do et. Ut aute consectetur voluptate consequat.', 'https://via.placeholder.com/400/762/fff/?text=location125', 'images/Location Icon.png', 'Sign', 'Light', 1, '2020-04-04'),
(126, 1, 37.736473, -122.404545, 'Voluptate et esse occaecat nisi consequat commodo dolore sunt dolor voluptate irure ullamco sit exercitation. Ex proident veniam deserunt occaecat nulla ad. Occaecat nisi ex labore incididunt reprehenderit pariatur est laborum culpa exercitation quis duis duis.', 'https://via.placeholder.com/400/827/fff/?text=location126', 'images/Location Icon.png', 'Packaging', 'Light', 4, '2020-09-04'),
(127, 28, 37.739046, -122.399811, 'Sunt qui eiusmod aliquip velit incididunt. Cupidatat laboris dolor ullamco incididunt occaecat tempor sit cupidatat mollit laboris. Nisi velit sit reprehenderit duis ullamco commodo laborum deserunt commodo.', 'https://via.placeholder.com/400/726/fff/?text=location127', 'images/Location Icon.png', 'Sign', 'Regular', 5, '2020-01-07'),
(128, 20, 37.699930, -122.407579, 'Sunt consequat dolore aliqua ea. Laborum aliqua voluptate officia esse amet. Minim do minim nisi ad incididunt aute cillum ex deserunt nulla pariatur do duis.', 'https://via.placeholder.com/400/905/fff/?text=location128', 'images/Location Icon.png', 'Book cover', 'Regular', 5, '2020-06-16'),
(129, 12, 37.778870, -122.427702, 'Do exercitation officia consectetur sit ea culpa consectetur cillum proident ipsum mollit est ut nisi. Nisi culpa esse tempor nulla irure Lorem non officia mollit do nisi non consectetur. Laborum deserunt ea velit pariatur excepteur sunt laborum deserunt laboris ullamco irure.', 'https://via.placeholder.com/400/702/fff/?text=location129', 'images/Location Icon.png', 'Sign', 'Black', 4, '2020-07-19'),
(130, 32, 37.719790, -122.497693, 'Incididunt cillum excepteur excepteur nulla incididunt nostrud cupidatat sit labore Lorem esse occaecat eu. Dolor ad dolore anim in ut fugiat mollit est ipsum eu culpa irure. Dolore eiusmod excepteur non nisi sint.', 'https://via.placeholder.com/400/712/fff/?text=location130', 'images/Location Icon.png', 'Book cover', 'Black', 4, '2020-04-14'),
(131, 44, 37.782232, -122.405788, 'Irure do eiusmod fugiat qui. Magna magna culpa ullamco do minim do deserunt ullamco consectetur. Fugiat velit officia amet minim ex ipsum Lorem veniam esse ullamco mollit magna est.', 'https://via.placeholder.com/400/922/fff/?text=location131', 'images/Location Icon.png', 'Poster', 'Small Caps', 5, '2020-07-12'),
(132, 44, 37.773629, -122.488146, 'Amet in excepteur ad ipsum aliqua qui. Aliqua proident id quis id fugiat Lorem sunt consequat ut labore quis veniam veniam. Ad aliquip consequat quis adipisicing.', 'https://via.placeholder.com/400/702/fff/?text=location132', 'images/Location Icon.png', 'Packaging', 'Regular', 1, '2020-01-12'),
(133, 28, 37.779617, -122.508582, 'Ut cupidatat est amet irure aliquip consectetur culpa deserunt esse. Adipisicing sint quis esse id Lorem veniam elit pariatur cillum duis ad. Sit cupidatat do elit reprehenderit.', 'https://via.placeholder.com/400/739/fff/?text=location133', 'images/Location Icon.png', 'Poster', 'Underline', 3, '2020-01-23'),
(134, 47, 37.767323, -122.497510, 'Magna eu est laboris magna amet dolore voluptate. Id voluptate in pariatur pariatur qui culpa ea incididunt commodo exercitation amet cillum consequat. Cupidatat consectetur id ut ullamco.', 'https://via.placeholder.com/400/991/fff/?text=location134', 'images/Location Icon.png', 'Poster', 'Capitalized', 2, '2020-01-01'),
(135, 46, 37.722675, -122.395188, 'Enim qui proident laborum duis Lorem incididunt anim magna cupidatat ut officia. Cupidatat consectetur ipsum incididunt ipsum laboris eiusmod occaecat mollit quis anim Lorem culpa. Nisi sunt cupidatat et labore dolor qui adipisicing pariatur enim voluptate adipisicing esse.', 'https://via.placeholder.com/400/834/fff/?text=location135', 'images/Location Icon.png', 'Packaging', 'Capitalized', 5, '2020-06-18'),
(136, 31, 37.722369, -122.495188, 'Pariatur ad nostrud tempor anim deserunt tempor qui culpa voluptate velit. Officia dolor eu laborum mollit aliqua consectetur non exercitation cillum elit amet officia eu incididunt. Nisi do aute pariatur aliquip culpa amet Lorem sit deserunt qui ex ipsum mollit do.', 'https://via.placeholder.com/400/851/fff/?text=location136', 'images/Location Icon.png', 'Billboard', 'Black', 4, '2020-06-19');
INSERT INTO `track_locations` (`id`, `type_id`, `lat`, `lng`, `note`, `img`, `icon`, `application`, `font_style`, `usage_rating`, `date_create`) VALUES
(137, 23, 37.663711, -122.503571, 'Ullamco labore aliqua tempor nostrud non tempor eiusmod dolor mollit sit cupidatat. Reprehenderit consequat tempor sunt ut. Occaecat aliquip do labore voluptate cupidatat ad tempor ex eu velit.', 'https://via.placeholder.com/400/704/fff/?text=location137', 'images/Location Icon.png', 'Poster', 'Light', 5, '2020-03-01'),
(138, 10, 37.740979, -122.497997, 'Nisi id duis pariatur minim commodo laborum. Labore id ullamco aliquip in fugiat commodo aliqua. Culpa minim commodo exercitation ad deserunt id irure.', 'https://via.placeholder.com/400/806/fff/?text=location138', 'images/Location Icon.png', 'Poster', 'Italic', 1, '2020-06-07'),
(139, 37, 37.677714, -122.482787, 'Labore sit commodo aute qui. Laborum et ullamco aliquip occaecat qui officia. Adipisicing do pariatur ad et magna pariatur anim cillum sunt.', 'https://via.placeholder.com/400/912/fff/?text=location139', 'images/Location Icon.png', 'Digital ad', 'Black', 3, '2020-01-09'),
(140, 3, 37.694390, -122.461260, 'Culpa ea sint quis sunt laboris ea magna tempor culpa sint sint mollit fugiat. Dolor proident non quis voluptate duis. Laborum nostrud nisi et commodo in id adipisicing aliquip ullamco minim tempor.', 'https://via.placeholder.com/400/940/fff/?text=location140', 'images/Location Icon.png', 'Book cover', 'Capitalized', 3, '2020-04-20'),
(141, 40, 37.745344, -122.494381, 'Nostrud ea fugiat cillum aute occaecat magna culpa officia aute. Elit deserunt anim sit duis cupidatat et veniam dolor adipisicing eiusmod sit ex culpa nisi. Do fugiat irure non anim aute proident eiusmod non aliqua id nulla velit.', 'https://via.placeholder.com/400/822/fff/?text=location141', 'images/Location Icon.png', 'Digital ad', 'Bold Italic', 1, '2020-08-24'),
(142, 8, 37.716189, -122.452514, 'Do ex proident sunt ad voluptate. Ad magna enim ad irure cillum aliqua pariatur tempor elit reprehenderit enim id. Voluptate dolor id minim laboris excepteur velit eu adipisicing sint.', 'https://via.placeholder.com/400/824/fff/?text=location142', 'images/Location Icon.png', 'Poster', 'Regular', 3, '2020-01-28'),
(143, 48, 37.677152, -122.501707, 'Velit consectetur minim laboris laboris enim culpa esse velit amet labore. Sunt occaecat nostrud et nisi excepteur laborum irure commodo ullamco labore. Excepteur consequat ad do mollit do adipisicing occaecat reprehenderit irure qui.', 'https://via.placeholder.com/400/975/fff/?text=location143', 'images/Location Icon.png', 'Digital ad', 'Italic', 4, '2020-09-04'),
(144, 40, 37.730975, -122.409747, 'Culpa incididunt occaecat elit consequat Lorem incididunt aliqua Lorem eiusmod cupidatat. Qui ex magna in aute irure officia pariatur commodo aute reprehenderit. Pariatur exercitation irure officia sunt qui aliquip mollit cillum commodo officia.', 'https://via.placeholder.com/400/933/fff/?text=location144', 'images/Location Icon.png', 'Book cover', 'Regular', 1, '2020-05-09'),
(145, 41, 37.716261, -122.506628, 'Nostrud elit occaecat non culpa nostrud duis eu velit et veniam. Et irure deserunt sint quis ea velit. Proident non ut labore voluptate nulla enim duis fugiat Lorem quis.', 'https://via.placeholder.com/400/875/fff/?text=location145', 'images/Location Icon.png', 'Poster', 'Black', 3, '2020-08-23'),
(146, 39, 37.718429, -122.457844, 'Mollit commodo labore officia nostrud officia qui quis cillum labore dolor minim laboris deserunt. Duis id eu nisi mollit exercitation reprehenderit qui aliquip. Deserunt sit cupidatat est magna do enim velit exercitation.', 'https://via.placeholder.com/400/909/fff/?text=location146', 'images/Location Icon.png', 'Packaging', 'Light', 5, '2020-03-16'),
(147, 42, 37.746808, -122.480441, 'Exercitation tempor fugiat deserunt fugiat ullamco do sunt aute cillum voluptate elit. Deserunt adipisicing reprehenderit magna anim amet incididunt veniam ullamco exercitation aute consectetur. Est ut ad cupidatat nisi duis eu consequat eiusmod Lorem non ut officia.', 'https://via.placeholder.com/400/959/fff/?text=location147', 'images/Location Icon.png', 'Poster', 'Bold', 4, '2020-02-09'),
(148, 25, 37.679619, -122.426100, 'Aute laboris adipisicing elit ex consectetur consequat ad laborum mollit ad exercitation cillum occaecat. In occaecat qui veniam fugiat. Incididunt minim est cupidatat commodo veniam.', 'https://via.placeholder.com/400/723/fff/?text=location148', 'images/Location Icon.png', 'Poster', 'Capitalized', 5, '2020-04-28'),
(149, 7, 37.760393, -122.454416, 'Velit reprehenderit do sint anim nisi irure veniam ex ad officia ex dolor duis. Esse occaecat cupidatat magna anim amet adipisicing eiusmod ea sint aliquip. Ad excepteur excepteur consectetur sit aliquip ipsum non qui qui.', 'https://via.placeholder.com/400/758/fff/?text=location149', 'images/Location Icon.png', 'Poster', 'Black', 1, '2020-08-07'),
(150, 28, 37.670968, -122.485763, 'Lorem deserunt dolor id aute amet duis fugiat do consectetur. Sunt est fugiat officia quis ipsum amet est do est labore laborum sit qui. Voluptate commodo ad dolor sit exercitation dolore laboris laborum elit non velit.', 'https://via.placeholder.com/400/959/fff/?text=location150', 'images/Location Icon.png', 'Digital ad', 'Bold Italic', 4, '2020-05-06'),
(151, 50, 37.769523, -122.486172, 'Nostrud reprehenderit quis qui minim exercitation eiusmod aliquip proident. Commodo id ex deserunt deserunt id ipsum cupidatat. Pariatur ipsum ut tempor consequat nostrud irure dolor laborum quis.', 'https://via.placeholder.com/400/712/fff/?text=location151', 'images/Location Icon.png', 'Billboard', 'Bold Italic', 1, '2020-05-21'),
(152, 40, 37.685418, -122.405694, 'Voluptate esse culpa minim veniam sint. Tempor sint fugiat sunt dolore ea adipisicing pariatur. Sint veniam sit laboris minim adipisicing excepteur adipisicing mollit tempor anim ad nulla.', 'https://via.placeholder.com/400/881/fff/?text=location152', 'images/Location Icon.png', 'Digital ad', 'Bold', 2, '2020-03-01'),
(153, 3, 37.710536, -122.480743, 'Occaecat pariatur laboris labore irure duis consectetur consectetur culpa. Labore excepteur fugiat ea incididunt ipsum pariatur. Lorem irure sunt ex officia incididunt culpa aute est voluptate ipsum cillum ipsum.', 'https://via.placeholder.com/400/735/fff/?text=location153', 'images/Location Icon.png', 'Poster', 'Bold Italic', 3, '2020-06-17'),
(154, 37, 37.763883, -122.439494, 'Incididunt consectetur laborum ad adipisicing qui eu do eiusmod incididunt culpa. Consectetur cillum labore reprehenderit ut velit non id dolore consequat ea Lorem laboris. Adipisicing ad consectetur mollit deserunt aliqua nisi voluptate.', 'https://via.placeholder.com/400/949/fff/?text=location154', 'images/Location Icon.png', 'Poster', 'Italic', 1, '2020-03-15'),
(155, 38, 37.744571, -122.405075, 'Ullamco anim veniam in dolor ex et duis. Proident excepteur proident amet esse culpa ex do excepteur culpa mollit tempor cillum fugiat. Nostrud nulla laborum pariatur amet consectetur officia et quis fugiat ex veniam ex irure.', 'https://via.placeholder.com/400/851/fff/?text=location155', 'images/Location Icon.png', 'Sign', 'Regular', 4, '2020-05-09'),
(156, 21, 37.651764, -122.428835, 'Ut sint nisi deserunt nostrud aliquip magna ex tempor enim laborum voluptate occaecat. Magna aute esse laborum aliquip labore voluptate nostrud consequat proident cillum occaecat incididunt proident. Nulla ex mollit Lorem deserunt ex cupidatat nisi voluptate aliqua occaecat officia commodo.', 'https://via.placeholder.com/400/884/fff/?text=location156', 'images/Location Icon.png', 'Billboard', 'Small Caps', 4, '2020-01-28'),
(157, 29, 37.658503, -122.501997, 'Aliqua nulla labore ullamco nostrud magna nulla aliqua tempor ut mollit Lorem id incididunt reprehenderit. Culpa sint nostrud Lorem esse culpa labore minim sit aute consectetur id aliqua. Anim voluptate aute dolore eu.', 'https://via.placeholder.com/400/857/fff/?text=location157', 'images/Location Icon.png', 'Poster', 'Light', 1, '2020-07-30'),
(158, 15, 37.779676, -122.410594, 'Amet in excepteur minim irure consectetur commodo. Ad consequat reprehenderit dolor et ea velit labore aliquip id cillum id reprehenderit labore. Ea sit consectetur occaecat tempor duis.', 'https://via.placeholder.com/400/740/fff/?text=location158', 'images/Location Icon.png', 'Sign', 'Light', 4, '2020-11-09'),
(159, 35, 37.701513, -122.508088, 'Id est dolor sit proident cillum duis. Lorem do mollit magna consequat quis elit. Eiusmod esse fugiat consequat proident mollit cupidatat voluptate eiusmod ipsum ut nisi anim eiusmod.', 'https://via.placeholder.com/400/761/fff/?text=location159', 'images/Location Icon.png', 'Poster', 'Italic', 2, '2020-11-24'),
(160, 22, 37.747072, -122.487196, 'Laborum ipsum est enim nulla nisi minim nostrud. Amet fugiat ipsum proident officia consectetur amet sit tempor. Ad ut qui aliquip nisi mollit voluptate cillum exercitation ad.', 'https://via.placeholder.com/400/906/fff/?text=location160', 'images/Location Icon.png', 'Billboard', 'Capitalized', 3, '2020-03-28'),
(161, 29, 37.688301, -122.419064, 'Duis esse officia et deserunt Lorem excepteur consequat voluptate duis sint. Officia qui duis duis duis minim ut sunt elit voluptate occaecat. Sit veniam qui pariatur reprehenderit sint qui aliquip et labore anim.', 'https://via.placeholder.com/400/892/fff/?text=location161', 'images/Location Icon.png', 'Billboard', 'Underline', 3, '2020-05-03'),
(162, 4, 37.701964, -122.403059, 'Sunt elit in proident aliquip aliqua non ut eu excepteur laboris. Sint laboris proident tempor non eu tempor Lorem ex. Culpa esse ad exercitation velit cupidatat pariatur consectetur veniam duis.', 'https://via.placeholder.com/400/791/fff/?text=location162', 'images/Location Icon.png', 'Book cover', 'Italic', 2, '2020-11-07'),
(163, 3, 37.779337, -122.458505, 'Eiusmod laboris ut proident elit cupidatat reprehenderit nisi sit tempor nisi adipisicing adipisicing eiusmod deserunt. Ullamco culpa quis esse in mollit. Minim aliqua velit sit laboris quis velit proident ut aliquip Lorem.', 'https://via.placeholder.com/400/708/fff/?text=location163', 'images/Location Icon.png', 'Packaging', 'Black', 1, '2020-08-23'),
(164, 43, 37.713796, -122.503166, 'Consectetur duis labore deserunt consectetur consectetur laboris ut qui nulla adipisicing reprehenderit. Amet labore dolor nostrud officia velit in aliquip Lorem aliqua nulla ea duis officia. Minim elit consectetur laborum ea laborum occaecat mollit tempor voluptate velit ea.', 'https://via.placeholder.com/400/757/fff/?text=location164', 'images/Location Icon.png', 'Book cover', 'Italic', 3, '2020-02-11'),
(165, 38, 37.647953, -122.463279, 'Ullamco est deserunt excepteur id aliquip excepteur. Nisi nisi aliquip reprehenderit labore ut minim do. Fugiat ea laborum ullamco cillum ipsum.', 'https://via.placeholder.com/400/929/fff/?text=location165', 'images/Location Icon.png', 'Book cover', 'Light', 1, '2020-09-28'),
(166, 30, 37.755758, -122.417262, 'Veniam culpa magna duis id in excepteur est ex velit. Commodo est minim eu sit dolore anim irure veniam mollit voluptate eiusmod. Magna sint aliqua tempor voluptate ullamco sunt tempor.', 'https://via.placeholder.com/400/976/fff/?text=location166', 'images/Location Icon.png', 'Sign', 'Small Caps', 5, '2020-11-15'),
(167, 36, 37.721030, -122.473303, 'Exercitation veniam et et aliquip ex laboris. Reprehenderit et mollit mollit nulla nulla veniam labore esse amet. Labore velit laborum do tempor reprehenderit.', 'https://via.placeholder.com/400/861/fff/?text=location167', 'images/Location Icon.png', 'Sign', 'Capitalized', 3, '2020-08-09'),
(168, 26, 37.759569, -122.427832, 'Eu cillum exercitation dolore reprehenderit veniam non aute magna amet. Proident dolor anim cillum voluptate eu ut fugiat ipsum voluptate adipisicing. Tempor veniam eiusmod magna minim commodo fugiat eiusmod commodo exercitation laboris labore fugiat.', 'https://via.placeholder.com/400/827/fff/?text=location168', 'images/Location Icon.png', 'Book cover', 'Black', 2, '2020-01-23'),
(169, 16, 37.736419, -122.497754, 'Proident pariatur ullamco Lorem pariatur dolor laborum aute culpa. Excepteur proident velit nulla nisi excepteur ullamco et et sint consectetur ut velit tempor elit. Voluptate id dolor sit consequat voluptate deserunt fugiat exercitation sit dolor laboris.', 'https://via.placeholder.com/400/834/fff/?text=location169', 'images/Location Icon.png', 'Poster', 'Capitalized', 3, '2020-05-12'),
(170, 34, 37.741289, -122.412331, 'Quis esse veniam minim Lorem. Ex quis enim esse occaecat velit ullamco. Nisi dolore proident cillum irure sit ipsum in qui velit reprehenderit.', 'https://via.placeholder.com/400/825/fff/?text=location170', 'images/Location Icon.png', 'Packaging', 'Capitalized', 5, '2020-11-14'),
(171, 37, 37.718703, -122.463004, 'Ea occaecat elit nisi voluptate aliquip Lorem ea tempor in sint enim magna laborum. Aliqua ut laboris commodo dolor sint adipisicing adipisicing laborum laborum occaecat consequat. Nisi irure velit ipsum id.', 'https://via.placeholder.com/400/755/fff/?text=location171', 'images/Location Icon.png', 'Digital ad', 'Bold Italic', 5, '2020-01-01'),
(172, 16, 37.707366, -122.453459, 'Pariatur duis eiusmod anim nisi do occaecat Lorem ad velit. Quis reprehenderit Lorem duis occaecat id do sint sit minim consequat labore. Ea non ad ad anim amet exercitation irure ex reprehenderit ut proident.', 'https://via.placeholder.com/400/813/fff/?text=location172', 'images/Location Icon.png', 'Sign', 'Black', 1, '2020-09-29'),
(173, 44, 37.663721, -122.398633, 'Fugiat ex dolor eu esse nulla laboris laboris ad fugiat eu elit qui. Et velit quis ipsum laboris non. Eiusmod et fugiat reprehenderit duis nulla nostrud aliqua ex aliquip quis.', 'https://via.placeholder.com/400/909/fff/?text=location173', 'images/Location Icon.png', 'Billboard', 'Black', 2, '2020-04-01'),
(174, 16, 37.664633, -122.438969, 'Est elit enim enim ipsum fugiat occaecat fugiat velit ut eiusmod. Elit laboris amet occaecat laborum duis exercitation non tempor culpa consequat cillum consectetur irure tempor. Aute veniam officia non fugiat ullamco adipisicing.', 'https://via.placeholder.com/400/891/fff/?text=location174', 'images/Location Icon.png', 'Book cover', 'Italic', 1, '2020-07-26'),
(175, 17, 37.729926, -122.461235, 'Excepteur incididunt occaecat adipisicing dolore excepteur ipsum veniam incididunt qui sit commodo culpa. Sunt consequat enim amet consectetur minim occaecat esse. Commodo sint aute cupidatat mollit fugiat qui reprehenderit ex cupidatat quis voluptate.', 'https://via.placeholder.com/400/926/fff/?text=location175', 'images/Location Icon.png', 'Billboard', 'Capitalized', 1, '2020-07-28'),
(176, 33, 37.686975, -122.423499, 'Minim anim incididunt et incididunt mollit consequat pariatur. Nostrud officia excepteur duis irure et. Laborum Lorem aute labore ipsum aute labore ad dolor laborum nulla.', 'https://via.placeholder.com/400/946/fff/?text=location176', 'images/Location Icon.png', 'Sign', 'Bold', 1, '2020-11-15'),
(177, 40, 37.765577, -122.508310, 'Minim amet ipsum voluptate velit. Sit commodo quis culpa fugiat ipsum cillum. Cillum nostrud incididunt qui velit et Lorem proident reprehenderit ad duis.', 'https://via.placeholder.com/400/938/fff/?text=location177', 'images/Location Icon.png', 'Poster', 'Regular', 4, '2020-02-20'),
(178, 24, 37.709688, -122.469769, 'Incididunt cillum Lorem esse est laborum culpa irure id mollit reprehenderit officia ullamco dolore commodo. Eu nisi enim laborum occaecat eu aliqua do ex dolor eu non. Aliquip mollit enim ad veniam Lorem laboris ex amet non commodo irure voluptate.', 'https://via.placeholder.com/400/919/fff/?text=location178', 'images/Location Icon.png', 'Digital ad', 'Bold Italic', 5, '2020-02-15'),
(179, 47, 37.671208, -122.464008, 'Aliquip culpa laborum fugiat consectetur sunt cupidatat elit. Fugiat laboris consectetur sit eu ipsum. Pariatur velit eu nulla excepteur.', 'https://via.placeholder.com/400/882/fff/?text=location179', 'images/Location Icon.png', 'Book cover', 'Regular', 1, '2020-01-11'),
(180, 13, 37.743779, -122.400352, 'Et eu laboris sint enim ad commodo deserunt sunt cillum et laboris commodo. Sunt elit ad veniam proident ex enim nisi aute laboris magna dolor cupidatat id. Incididunt cupidatat qui nisi ullamco nisi enim ea.', 'https://via.placeholder.com/400/752/fff/?text=location180', 'images/Location Icon.png', 'Digital ad', 'Italic', 3, '2020-06-05'),
(181, 25, 37.727820, -122.492786, 'Sint tempor commodo tempor do laborum labore exercitation velit ut pariatur. Minim quis esse tempor ex eiusmod laborum duis eiusmod veniam. Qui laboris tempor est occaecat anim reprehenderit ad minim et id ipsum sint.', 'https://via.placeholder.com/400/794/fff/?text=location181', 'images/Location Icon.png', 'Book cover', 'Bold', 3, '2020-11-05'),
(182, 6, 37.706307, -122.399546, 'Voluptate pariatur proident labore labore ipsum ea irure amet laboris magna nulla dolore dolore ut. Laborum adipisicing pariatur reprehenderit esse commodo nisi et ex labore dolore non quis commodo anim. Consequat magna dolor tempor ullamco occaecat cillum amet incididunt pariatur consequat consequat ullamco voluptate sunt.', 'https://via.placeholder.com/400/753/fff/?text=location182', 'images/Location Icon.png', 'Poster', 'Italic', 2, '2020-10-25'),
(183, 3, 37.770724, -122.508376, 'Qui quis adipisicing magna excepteur occaecat in. Exercitation culpa aute ullamco Lorem non exercitation occaecat nisi nisi eiusmod sint tempor mollit. Consectetur mollit velit commodo duis.', 'https://via.placeholder.com/400/729/fff/?text=location183', 'images/Location Icon.png', 'Packaging', 'Light', 2, '2020-03-17'),
(184, 49, 37.771797, -122.503869, 'Amet ut anim nostrud minim ad aute voluptate pariatur quis exercitation officia irure excepteur. Quis commodo fugiat in sint. Irure Lorem proident quis voluptate.', 'https://via.placeholder.com/400/757/fff/?text=location184', 'images/Location Icon.png', 'Billboard', 'Black', 2, '2020-01-03'),
(185, 11, 37.731363, -122.487468, 'Consequat non ad occaecat exercitation occaecat in tempor aliquip aliqua. Laboris labore pariatur do nostrud commodo est officia tempor laboris aute do dolore. Exercitation et deserunt occaecat aliquip non officia.', 'https://via.placeholder.com/400/830/fff/?text=location185', 'images/Location Icon.png', 'Digital ad', 'Regular', 3, '2020-04-09'),
(186, 46, 37.675801, -122.417728, 'Adipisicing quis fugiat eiusmod consequat amet sunt irure anim sunt sunt eu. Excepteur pariatur consectetur quis laboris in dolore aliquip irure esse commodo sint consectetur cupidatat. Deserunt sunt ut magna consequat.', 'https://via.placeholder.com/400/940/fff/?text=location186', 'images/Location Icon.png', 'Book cover', 'Bold', 2, '2020-09-13'),
(187, 30, 37.694866, -122.434843, 'Do ut culpa laborum adipisicing velit officia nulla Lorem esse. Ex adipisicing aliquip consequat esse quis in cillum velit velit fugiat. Sit magna ipsum aute velit ad irure occaecat cupidatat irure aute.', 'https://via.placeholder.com/400/823/fff/?text=location187', 'images/Location Icon.png', 'Packaging', 'Bold', 4, '2020-07-27'),
(188, 21, 37.749374, -122.470547, 'Culpa aliqua quis adipisicing fugiat Lorem eu amet Lorem. Laborum excepteur aliquip culpa nostrud. Ad fugiat Lorem sit officia non non ad.', 'https://via.placeholder.com/400/771/fff/?text=location188', 'images/Location Icon.png', 'Packaging', 'Underline', 2, '2020-03-16'),
(189, 40, 37.715204, -122.411507, 'Sint veniam non officia Lorem enim aute ut. Enim exercitation sunt nisi incididunt dolore proident minim laborum ex nulla fugiat ipsum magna cillum. Ut eu nisi veniam proident.', 'https://via.placeholder.com/400/790/fff/?text=location189', 'images/Location Icon.png', 'Billboard', 'Small Caps', 4, '2020-07-27'),
(190, 31, 37.692113, -122.457586, 'Do laborum consequat sit eiusmod et dolor ad elit qui cillum duis. Aliquip aliquip sit fugiat eu. Ad Lorem exercitation culpa cupidatat culpa ipsum minim fugiat.', 'https://via.placeholder.com/400/883/fff/?text=location190', 'images/Location Icon.png', 'Digital ad', 'Bold Italic', 2, '2020-05-19'),
(191, 16, 37.779998, -122.425193, 'Ad laborum eu laboris ex sunt veniam esse adipisicing id quis magna. Dolore consectetur cillum irure pariatur. Ex excepteur exercitation nulla laboris voluptate laboris officia.', 'https://via.placeholder.com/400/736/fff/?text=location191', 'images/Location Icon.png', 'Sign', 'Capitalized', 4, '2020-10-09'),
(192, 23, 37.671704, -122.497708, 'Occaecat ex qui cillum voluptate Lorem consequat. Dolor velit laboris quis enim cillum labore tempor cillum consectetur eu tempor magna. Aute eu nisi aute mollit labore velit duis duis aliquip enim adipisicing et.', 'https://via.placeholder.com/400/916/fff/?text=location192', 'images/Location Icon.png', 'Sign', 'Italic', 4, '2020-07-27'),
(193, 16, 37.703368, -122.492655, 'Irure nostrud nisi ullamco enim non enim non labore nostrud commodo adipisicing dolor pariatur nostrud. Labore mollit eiusmod sit est id nulla culpa officia fugiat incididunt pariatur ullamco ea minim. Nisi excepteur incididunt ullamco exercitation exercitation mollit aute Lorem enim est commodo dolore dolore labore.', 'https://via.placeholder.com/400/700/fff/?text=location193', 'images/Location Icon.png', 'Billboard', 'Small Caps', 5, '2020-04-29'),
(194, 17, 37.680321, -122.416251, 'Exercitation dolore tempor esse ullamco dolor enim id. Ipsum qui consequat pariatur id occaecat. Nulla duis voluptate sunt do cupidatat eiusmod do deserunt dolor.', 'https://via.placeholder.com/400/853/fff/?text=location194', 'images/Location Icon.png', 'Billboard', 'Italic', 2, '2020-06-21'),
(195, 25, 37.718017, -122.403289, 'Cupidatat enim do veniam culpa magna laborum officia ea. Minim esse labore do nostrud culpa irure sit mollit cupidatat reprehenderit dolor. Aliqua aute sit voluptate aliquip voluptate qui dolore.', 'https://via.placeholder.com/400/781/fff/?text=location195', 'images/Location Icon.png', 'Packaging', 'Italic', 1, '2020-04-08'),
(196, 17, 37.656189, -122.459997, 'Sint labore laboris nisi anim aute aute qui elit fugiat mollit cillum dolor esse cupidatat. Anim nulla eu ipsum labore aute aliqua officia nostrud dolore. Dolor voluptate consectetur anim labore minim esse quis id proident eu ex eiusmod.', 'https://via.placeholder.com/400/780/fff/?text=location196', 'images/Location Icon.png', 'Sign', 'Regular', 4, '2020-07-02'),
(197, 10, 37.713958, -122.433494, 'Lorem est dolore consequat mollit adipisicing esse culpa est tempor nulla eiusmod nostrud et aliquip. Consectetur sit ullamco irure ex laborum aute reprehenderit. Sunt duis consequat culpa ad ipsum tempor.', 'https://via.placeholder.com/400/901/fff/?text=location197', 'images/Location Icon.png', 'Sign', 'Light', 4, '2020-09-28'),
(198, 5, 37.683416, -122.418302, 'Velit sunt aliquip sunt in aliqua adipisicing mollit. Ipsum incididunt deserunt sit labore et cillum non anim eiusmod mollit nostrud anim anim. Minim velit nulla nulla elit aute sit adipisicing ipsum.', 'https://via.placeholder.com/400/840/fff/?text=location198', 'images/Location Icon.png', 'Poster', 'Light', 4, '2020-03-10'),
(199, 22, 37.768725, -122.410025, 'Adipisicing adipisicing proident proident adipisicing laborum nisi pariatur minim. Sunt nisi tempor pariatur dolor est officia sunt do enim enim qui irure aliqua exercitation. Do consequat ea incididunt laborum.', 'https://via.placeholder.com/400/941/fff/?text=location199', 'images/Location Icon.png', 'Billboard', 'Small Caps', 1, '2020-08-06'),
(200, 27, 37.669008, -122.410972, 'Consequat aute pariatur ipsum deserunt magna minim irure magna ullamco ut sit ut. Aliquip irure mollit ipsum dolore magna sint. Labore excepteur nisi adipisicing ipsum Lorem cillum occaecat.', 'https://via.placeholder.com/400/860/fff/?text=location200', 'images/Location Icon.png', 'Packaging', 'Underline', 2, '2020-10-24'),
(201, 29, 37.779165, -122.497443, 'Est ad nulla aliqua magna fugiat est sunt. Ipsum tempor aute dolor labore ullamco ad voluptate cillum sunt ad in. Qui sint adipisicing proident laboris esse et veniam officia fugiat aliquip deserunt qui dolor duis.', 'https://via.placeholder.com/400/868/fff/?text=location201', 'images/Location Icon.png', 'Packaging', 'Bold Italic', 1, '2020-03-14'),
(202, 36, 37.731671, -122.423942, 'Ipsum magna elit aute cillum non. Non esse officia mollit adipisicing exercitation. Consequat Lorem non nisi laborum esse duis labore exercitation labore Lorem adipisicing aute sit.', 'https://via.placeholder.com/400/865/fff/?text=location202', 'images/Location Icon.png', 'Billboard', 'Light', 4, '2020-09-28'),
(203, 38, 37.781365, -122.481595, 'Occaecat adipisicing veniam incididunt est exercitation proident. Dolore aliquip occaecat nulla et. Aliqua elit velit in aliquip esse proident ut ut.', 'https://via.placeholder.com/400/773/fff/?text=location203', 'images/Location Icon.png', 'Poster', 'Capitalized', 4, '2020-05-27'),
(204, 47, 37.762923, -122.502298, 'Aliqua pariatur sit laborum irure elit. Sunt exercitation cupidatat do anim amet enim adipisicing ea adipisicing qui. Anim et esse in do eiusmod in.', 'https://via.placeholder.com/400/883/fff/?text=location204', 'images/Location Icon.png', 'Sign', 'Regular', 3, '2020-05-10'),
(205, 28, 37.657688, -122.428864, 'Enim et culpa sit duis consequat ipsum fugiat pariatur do dolore ex elit elit ad. Tempor nisi magna nulla veniam ex cupidatat elit dolore. Ea cupidatat amet esse ad incididunt id minim.', 'https://via.placeholder.com/400/776/fff/?text=location205', 'images/Location Icon.png', 'Packaging', 'Light', 1, '2020-06-10'),
(206, 44, 37.707383, -122.466699, 'Dolor et anim velit ea. Id anim sint in sunt aute voluptate cillum deserunt pariatur cupidatat anim adipisicing Lorem. Amet ullamco Lorem reprehenderit laboris eu officia cillum laborum cillum tempor eu.', 'https://via.placeholder.com/400/735/fff/?text=location206', 'images/Location Icon.png', 'Billboard', 'Black', 2, '2020-04-09'),
(207, 36, 37.653715, -122.419197, 'Quis amet ut cillum culpa commodo duis pariatur incididunt sint enim in eu eu enim. Amet aute occaecat pariatur dolore commodo aliqua amet et exercitation tempor. Nostrud excepteur Lorem deserunt nostrud incididunt tempor cupidatat tempor excepteur duis eiusmod.', 'https://via.placeholder.com/400/945/fff/?text=location207', 'images/Location Icon.png', 'Digital ad', 'Black', 3, '2020-04-20'),
(208, 32, 37.729712, -122.507364, 'Eu proident ullamco Lorem voluptate consectetur ea ad ullamco velit dolor laboris pariatur qui. Est nostrud culpa anim minim enim ex adipisicing adipisicing commodo deserunt non magna. Consectetur officia fugiat minim est ex anim id laboris qui.', 'https://via.placeholder.com/400/932/fff/?text=location208', 'images/Location Icon.png', 'Sign', 'Bold', 1, '2020-04-01'),
(209, 24, 37.672430, -122.472169, 'Veniam ut nostrud consectetur velit deserunt elit. Consequat cillum laboris aute aute elit est tempor. Exercitation irure laborum qui proident.', 'https://via.placeholder.com/400/856/fff/?text=location209', 'images/Location Icon.png', 'Book cover', 'Italic', 3, '2020-07-05'),
(210, 26, 37.698057, -122.467392, 'Anim pariatur occaecat ipsum est laborum mollit. Adipisicing proident sit esse esse incididunt. Adipisicing ullamco deserunt est ipsum nulla velit cillum.', 'https://via.placeholder.com/400/903/fff/?text=location210', 'images/Location Icon.png', 'Digital ad', 'Small Caps', 2, '2020-02-18'),
(211, 36, 37.665401, -122.495879, 'Reprehenderit amet exercitation tempor voluptate eiusmod consequat nostrud amet velit adipisicing cillum. Aliquip qui excepteur sint occaecat tempor exercitation qui dolor exercitation cupidatat. Esse esse est deserunt reprehenderit laboris ad ad officia do nisi laborum cillum.', 'https://via.placeholder.com/400/733/fff/?text=location211', 'images/Location Icon.png', 'Digital ad', 'Underline', 2, '2020-08-03'),
(212, 37, 37.742729, -122.441412, 'Nulla est ut mollit minim dolor aliqua laborum eiusmod ipsum veniam consequat consectetur culpa consequat. Cillum qui officia velit duis ex consectetur sint. Anim ea nulla deserunt esse ullamco sint velit qui ipsum Lorem.', 'https://via.placeholder.com/400/728/fff/?text=location212', 'images/Location Icon.png', 'Packaging', 'Small Caps', 4, '2020-08-06'),
(213, 21, 37.739869, -122.464001, 'Voluptate minim aute velit excepteur magna deserunt sunt deserunt aute consectetur aliquip mollit non deserunt. Cillum pariatur nostrud officia labore. Esse quis qui sit reprehenderit non ex aliquip exercitation ea.', 'https://via.placeholder.com/400/977/fff/?text=location213', 'images/Location Icon.png', 'Packaging', 'Small Caps', 1, '2020-05-21'),
(214, 17, 37.745800, -122.452606, 'Aute cillum laborum dolor esse enim enim tempor laborum adipisicing dolore nostrud. Id est irure eu qui sit veniam reprehenderit quis sit nisi labore commodo. Veniam officia consectetur consectetur et amet est quis velit.', 'https://via.placeholder.com/400/773/fff/?text=location214', 'images/Location Icon.png', 'Book cover', 'Italic', 4, '2020-08-22'),
(215, 23, 37.762425, -122.489723, 'Amet laboris reprehenderit adipisicing anim esse cupidatat qui ipsum elit. Non quis amet ea labore commodo proident culpa labore non consectetur Lorem. Labore aliqua enim anim ipsum dolore.', 'https://via.placeholder.com/400/966/fff/?text=location215', 'images/Location Icon.png', 'Book cover', 'Bold', 2, '2020-01-30'),
(216, 27, 37.730611, -122.478689, 'Ad ut ad mollit proident labore in amet elit ipsum ipsum cupidatat. Enim tempor esse veniam sit ad cillum non id. Ut velit sit ea adipisicing ad aliqua.', 'https://via.placeholder.com/400/715/fff/?text=location216', 'images/Location Icon.png', 'Packaging', 'Light', 5, '2020-09-18'),
(217, 29, 37.682775, -122.495852, 'Do veniam et nulla eu anim occaecat nisi eu dolore amet veniam deserunt dolore ea. Magna laboris ullamco irure exercitation non excepteur. Do officia ea aliqua anim esse ipsum et nulla esse qui id anim.', 'https://via.placeholder.com/400/702/fff/?text=location217', 'images/Location Icon.png', 'Book cover', 'Small Caps', 1, '2020-01-17'),
(218, 17, 37.727782, -122.503858, 'Qui exercitation duis elit ut eu duis commodo. Nulla minim mollit occaecat enim adipisicing eiusmod laboris commodo aliqua nisi incididunt elit sit quis. Ea incididunt laborum tempor incididunt id nostrud dolore commodo laboris ullamco.', 'https://via.placeholder.com/400/743/fff/?text=location218', 'images/Location Icon.png', 'Digital ad', 'Italic', 5, '2020-11-01'),
(219, 17, 37.661676, -122.442142, 'Amet irure laboris amet eu id ex aliqua labore. Dolore Lorem ex minim duis incididunt exercitation. Excepteur consectetur deserunt sit cillum aliqua est ex veniam laboris magna.', 'https://via.placeholder.com/400/713/fff/?text=location219', 'images/Location Icon.png', 'Billboard', 'Small Caps', 4, '2020-04-24'),
(220, 3, 37.731155, -122.420581, 'Sit et duis Lorem do laboris cupidatat commodo velit cillum veniam sunt. Magna adipisicing do voluptate labore. Aute laborum anim enim consectetur sit dolore exercitation mollit aliquip Lorem tempor sit ad proident.', 'https://via.placeholder.com/400/846/fff/?text=location220', 'images/Location Icon.png', 'Digital ad', 'Italic', 4, '2020-05-15'),
(221, 12, 37.755796, -122.434755, 'Anim mollit reprehenderit sint qui laboris excepteur nostrud ut labore minim et. Est eu aliquip sit consequat ipsum qui voluptate nulla laboris mollit cillum ut ipsum amet. Veniam dolore elit cupidatat in non qui sint elit ut voluptate irure excepteur.', 'https://via.placeholder.com/400/848/fff/?text=location221', 'images/Location Icon.png', 'Digital ad', 'Bold Italic', 1, '2020-04-13'),
(222, 8, 37.696929, -122.479029, 'Aliqua amet anim ullamco mollit cupidatat excepteur esse non eu sint. Occaecat culpa ex magna proident minim excepteur velit. Exercitation nostrud aliqua ullamco exercitation.', 'https://via.placeholder.com/400/891/fff/?text=location222', 'images/Location Icon.png', 'Poster', 'Capitalized', 4, '2020-01-05'),
(223, 23, 37.707131, -122.424807, 'Velit ea dolore cillum sunt incididunt esse elit. Sit do commodo dolore eu est non aute veniam veniam eiusmod elit tempor consequat. Aliquip id nisi pariatur incididunt Lorem reprehenderit.', 'https://via.placeholder.com/400/719/fff/?text=location223', 'images/Location Icon.png', 'Sign', 'Regular', 1, '2020-11-18'),
(224, 26, 37.677067, -122.485563, 'Cillum ea consequat nulla minim excepteur culpa. Consectetur mollit anim esse consectetur. Qui officia quis commodo irure fugiat in mollit consequat voluptate sint velit anim.', 'https://via.placeholder.com/400/702/fff/?text=location224', 'images/Location Icon.png', 'Poster', 'Italic', 3, '2020-01-03'),
(225, 49, 37.666391, -122.439540, 'Fugiat Lorem irure ad est. Ea veniam eiusmod aliquip ut aliquip magna aliqua nulla anim. Irure nostrud qui officia nulla cupidatat sint est dolore aliquip sit quis.', 'https://via.placeholder.com/400/962/fff/?text=location225', 'images/Location Icon.png', 'Poster', 'Capitalized', 2, '2020-01-31'),
(226, 9, 37.712007, -122.442184, 'Velit ut in anim officia pariatur ea fugiat nulla. Fugiat officia irure proident qui minim eiusmod non et veniam. Aliquip cillum aute et pariatur culpa exercitation tempor excepteur labore aliqua et laboris irure dolore.', 'https://via.placeholder.com/400/705/fff/?text=location226', 'images/Location Icon.png', 'Sign', 'Bold', 5, '2020-09-01'),
(227, 6, 37.690401, -122.504664, 'Ex aute aliqua occaecat dolor in qui ullamco nisi ut. Nostrud aliquip exercitation sit sit excepteur consequat enim nisi Lorem mollit nostrud labore quis Lorem. Aliquip voluptate quis dolore labore veniam ea veniam est quis ea dolore.', 'https://via.placeholder.com/400/716/fff/?text=location227', 'images/Location Icon.png', 'Book cover', 'Black', 2, '2020-02-18'),
(228, 34, 37.671864, -122.431695, 'Enim proident adipisicing labore esse mollit fugiat cillum sit adipisicing aute anim ex. Laborum proident quis ex qui sunt. In magna ea in voluptate in nostrud fugiat velit sit.', 'https://via.placeholder.com/400/862/fff/?text=location228', 'images/Location Icon.png', 'Digital ad', 'Underline', 3, '2020-02-29'),
(229, 31, 37.688766, -122.436784, 'Ea cillum officia elit commodo veniam cillum ut enim cillum qui cupidatat laboris. Fugiat dolor sit minim dolore labore laborum nostrud do pariatur dolore nulla elit ex culpa. Adipisicing eiusmod aute duis veniam est anim veniam pariatur qui tempor.', 'https://via.placeholder.com/400/980/fff/?text=location229', 'images/Location Icon.png', 'Digital ad', 'Regular', 4, '2020-03-28'),
(230, 48, 37.763792, -122.503799, 'Dolor velit proident qui fugiat do cupidatat non culpa ipsum proident reprehenderit. Dolore pariatur anim do minim nisi. Anim sint magna commodo consectetur aliquip eu aliquip amet ea.', 'https://via.placeholder.com/400/911/fff/?text=location230', 'images/Location Icon.png', 'Digital ad', 'Bold', 3, '2020-07-28'),
(231, 44, 37.762183, -122.429330, 'Enim irure ullamco duis Lorem qui irure. Amet voluptate voluptate et et esse enim quis consequat deserunt minim sit ea non et. Anim amet laboris irure qui.', 'https://via.placeholder.com/400/982/fff/?text=location231', 'images/Location Icon.png', 'Billboard', 'Black', 3, '2020-02-13'),
(232, 18, 37.750832, -122.448809, 'Consectetur velit culpa sunt velit elit exercitation enim ut officia minim cillum. Sint fugiat qui elit in id nulla est aliquip nulla sunt esse. Occaecat incididunt nostrud culpa ex deserunt in irure commodo enim.', 'https://via.placeholder.com/400/728/fff/?text=location232', 'images/Location Icon.png', 'Packaging', 'Black', 5, '2020-09-20'),
(233, 24, 37.758088, -122.458239, 'Ex id mollit cillum consequat qui eiusmod deserunt ex voluptate voluptate non occaecat. Fugiat ex exercitation ex do officia id qui fugiat anim cupidatat irure aute. Deserunt aute elit adipisicing dolor labore.', 'https://via.placeholder.com/400/736/fff/?text=location233', 'images/Location Icon.png', 'Packaging', 'Bold', 2, '2020-08-29'),
(234, 10, 37.714416, -122.495378, 'Voluptate ex veniam pariatur laborum in cillum ad proident ex esse anim est. Deserunt ea ea dolor esse. Occaecat quis sunt excepteur labore laboris et ex ipsum laborum duis velit laboris sunt laboris.', 'https://via.placeholder.com/400/860/fff/?text=location234', 'images/Location Icon.png', 'Billboard', 'Capitalized', 1, '2020-02-24'),
(235, 33, 37.655881, -122.441410, 'Laboris commodo pariatur consequat anim. Exercitation aliqua id velit proident officia ullamco. Non laboris cillum ut veniam pariatur aliqua duis culpa consectetur pariatur ullamco laboris do in.', 'https://via.placeholder.com/400/791/fff/?text=location235', 'images/Location Icon.png', 'Book cover', 'Bold Italic', 1, '2020-07-02'),
(236, 28, 37.702077, -122.409810, 'Esse ut cillum ullamco consectetur. Velit consectetur veniam velit excepteur amet proident magna proident Lorem ut voluptate minim elit ullamco. Eiusmod incididunt irure Lorem dolore quis occaecat nulla.', 'https://via.placeholder.com/400/923/fff/?text=location236', 'images/Location Icon.png', 'Sign', 'Bold', 3, '2020-10-28'),
(237, 44, 37.761233, -122.495782, 'Velit sit aliqua anim et in veniam sint cillum consequat. Cupidatat dolore magna nostrud eiusmod ut sint qui minim laboris. Elit elit cupidatat fugiat ipsum consectetur duis est.', 'https://via.placeholder.com/400/801/fff/?text=location237', 'images/Location Icon.png', 'Billboard', 'Black', 4, '2020-01-10'),
(238, 6, 37.729632, -122.495882, 'Veniam duis labore consequat aute amet eiusmod do sunt. Qui consectetur Lorem sunt proident commodo. Amet ex cupidatat eu laborum deserunt magna.', 'https://via.placeholder.com/400/764/fff/?text=location238', 'images/Location Icon.png', 'Packaging', 'Black', 3, '2020-04-03'),
(239, 36, 37.655817, -122.412621, 'Esse ullamco deserunt exercitation amet minim qui labore occaecat dolore consectetur cillum laboris anim ex. Id enim exercitation voluptate esse fugiat commodo. Excepteur laborum laborum velit esse consectetur.', 'https://via.placeholder.com/400/915/fff/?text=location239', 'images/Location Icon.png', 'Digital ad', 'Italic', 5, '2020-04-11'),
(240, 38, 37.692025, -122.427747, 'Commodo mollit dolore deserunt ex quis. Lorem esse deserunt exercitation incididunt esse deserunt duis ea. Laboris id veniam est duis non culpa labore.', 'https://via.placeholder.com/400/701/fff/?text=location240', 'images/Location Icon.png', 'Sign', 'Light', 3, '2020-04-22'),
(241, 27, 37.717418, -122.471325, 'Laboris esse est ut commodo. Pariatur nisi deserunt occaecat ut excepteur est irure nostrud. Laboris consequat cillum dolor quis veniam laborum commodo exercitation sunt qui non velit laborum.', 'https://via.placeholder.com/400/848/fff/?text=location241', 'images/Location Icon.png', 'Digital ad', 'Capitalized', 2, '2020-04-26'),
(242, 18, 37.712178, -122.437807, 'Do sit eu est excepteur magna ea amet ut pariatur veniam. Laboris fugiat est aliquip ex exercitation exercitation reprehenderit mollit excepteur amet. Pariatur est ea et duis enim cillum officia aliquip.', 'https://via.placeholder.com/400/972/fff/?text=location242', 'images/Location Icon.png', 'Book cover', 'Bold', 4, '2020-02-11'),
(243, 36, 37.709349, -122.451214, 'Aliquip consectetur ut esse cillum id duis ad sunt voluptate labore dolor id. Elit sunt nostrud sint minim cupidatat commodo. Nulla consequat consequat officia eiusmod laboris ex nulla tempor consectetur amet officia sit cillum.', 'https://via.placeholder.com/400/986/fff/?text=location243', 'images/Location Icon.png', 'Digital ad', 'Bold', 2, '2020-07-17'),
(244, 24, 37.722875, -122.439809, 'Eiusmod commodo laboris ut ullamco excepteur ad dolore est et. Ullamco eiusmod labore tempor ea ut adipisicing in commodo nulla aute exercitation ex sit laborum. Do exercitation elit in et minim ut dolore in mollit aute.', 'https://via.placeholder.com/400/968/fff/?text=location244', 'images/Location Icon.png', 'Billboard', 'Italic', 4, '2020-08-08'),
(245, 42, 37.701510, -122.481487, 'Nisi consequat non velit elit do officia aliqua sint qui fugiat. Consequat tempor proident duis reprehenderit. In ad ut enim et.', 'https://via.placeholder.com/400/766/fff/?text=location245', 'images/Location Icon.png', 'Poster', 'Capitalized', 2, '2020-06-12'),
(246, 3, 37.644904, -122.404180, 'Nostrud nisi labore duis quis proident voluptate anim irure nostrud non incididunt mollit. Ut laborum aliquip laborum do quis laboris nostrud voluptate ipsum laboris. Qui et commodo irure tempor duis excepteur fugiat occaecat in non pariatur est magna.', 'https://via.placeholder.com/400/934/fff/?text=location246', 'images/Location Icon.png', 'Sign', 'Regular', 1, '2020-10-15'),
(247, 18, 37.765880, -122.474911, 'Ipsum incididunt aliqua cupidatat adipisicing labore labore quis elit id exercitation amet dolore. Elit consectetur deserunt et fugiat dolore. Proident quis adipisicing aliqua reprehenderit anim culpa reprehenderit proident et non est eiusmod.', 'https://via.placeholder.com/400/914/fff/?text=location247', 'images/Location Icon.png', 'Billboard', 'Underline', 3, '2020-05-03'),
(248, 11, 37.674664, -122.404364, 'Lorem consectetur laborum ea laboris dolore. Amet in quis sunt voluptate sit officia. Fugiat voluptate in nulla est sunt nisi ad quis.', 'https://via.placeholder.com/400/909/fff/?text=location248', 'images/Location Icon.png', 'Poster', 'Bold', 5, '2020-05-26'),
(249, 3, 37.671071, -122.443372, 'Ipsum mollit culpa nulla deserunt voluptate. Occaecat nostrud cillum magna consequat elit ipsum exercitation. Nostrud consequat ut non nostrud id amet ipsum qui eiusmod sint incididunt.', 'https://via.placeholder.com/400/903/fff/?text=location249', 'images/Location Icon.png', 'Poster', 'Bold Italic', 2, '2020-05-31'),
(250, 16, 37.721021, -122.433307, 'Voluptate cupidatat reprehenderit sint ullamco do elit esse culpa laboris. Et occaecat ut do occaecat voluptate mollit tempor aliquip. Excepteur ex aliquip aliquip voluptate anim sint dolore fugiat eiusmod do in quis.', 'https://via.placeholder.com/400/848/fff/?text=location250', 'images/Location Icon.png', 'Packaging', 'Bold', 1, '2020-06-23');

-- --------------------------------------------------------

--
-- Table structure for table `track_types`
--

CREATE TABLE `track_types` (
  `id` int(11) NOT NULL,
  `user_id` int(11) NOT NULL,
  `name` varchar(64) NOT NULL,
  `category` varchar(64) NOT NULL,
  `classification` varchar(64) NOT NULL,
  `img` varchar(256) NOT NULL,
  `description` text NOT NULL,
  `type_rating` int(1) NOT NULL
) ENGINE=MyISAM DEFAULT CHARSET=latin1;

--
-- Dumping data for table `track_types`
--

INSERT INTO `track_types` (`id`, `user_id`, `name`, `category`, `classification`, `img`, `description`, `type_rating`) VALUES
(1, 7, 'Century Gothic', 'Sans Serif', 'Geometric', 'https://via.placeholder.com/400/976/fff/?text=Century Gothic', 'Nisi amet Lorem tempor Lorem adipisicing est excepteur laborum aliqua enim id.', 1),
(2, 7, 'Baskerville', 'Serif', 'Transitional', 'https://via.placeholder.com/400/825/fff/?text=Baskerville', 'Minim est proident sunt culpa laboris irure ipsum id deserunt culpa veniam pariatur excepteur.', 5),
(3, 9, 'Caslon', 'Serif', 'Old-Style', 'https://via.placeholder.com/400/998/fff/?text=Caslon', 'Exercitation ea ex deserunt esse tempor nisi eu.', 4),
(4, 3, 'Times', 'Serif', 'Transitional', 'https://via.placeholder.com/400/921/fff/?text=Times', 'Pariatur exercitation pariatur est id mollit cillum duis in id id.', 2),
(5, 6, 'Cambria', 'Serif', 'Transitional', 'https://via.placeholder.com/400/763/fff/?text=Cambria', 'Sint dolor velit fugiat deserunt sunt.', 1),
(6, 9, 'Calibri', 'Sans Serif', 'Humanist', 'https://via.placeholder.com/400/962/fff/?text=Calibri', 'Irure ad ut labore reprehenderit cupidatat eu exercitation aliqua do minim.', 5),
(7, 1, 'Trajan', 'Serif', 'Display Serif', 'https://via.placeholder.com/400/803/fff/?text=Trajan', 'Non laboris aute incididunt cupidatat laboris mollit ea.', 5),
(8, 1, 'Minion', 'Serif', 'Old-Style', 'https://via.placeholder.com/400/727/fff/?text=Minion', 'Ullamco non voluptate duis Lorem.', 2),
(9, 2, 'Univers', 'Sans Serif', 'Neo-Grotesque', 'https://via.placeholder.com/400/826/fff/?text=Univers', 'Adipisicing aliquip et occaecat Lorem dolore ipsum aute occaecat enim esse.', 1),
(10, 5, 'Lucida Sans', 'Sans Serif', 'Humanist', 'https://via.placeholder.com/400/727/fff/?text=Lucida Sans', 'Aliquip commodo fugiat deserunt id magna enim irure consequat culpa Lorem.', 2),
(11, 6, 'Rockwell', 'Serif', 'Slab Serif', 'https://via.placeholder.com/400/870/fff/?text=Rockwell', 'Duis sunt laborum dolore minim.', 4),
(12, 7, 'Lucida Sans', 'Sans Serif', 'Humanist', 'https://via.placeholder.com/400/827/fff/?text=Lucida Sans', 'Proident sint nulla ex cillum laboris aliqua esse pariatur aliquip veniam sit cillum.', 1),
(13, 9, 'Lucida Sans', 'Sans Serif', 'Humanist', 'https://via.placeholder.com/400/798/fff/?text=Lucida Sans', 'Ex velit exercitation incididunt sit tempor.', 4),
(14, 5, 'Cambria', 'Serif', 'Transitional', 'https://via.placeholder.com/400/937/fff/?text=Cambria', 'Sunt tempor velit proident proident velit.', 2),
(15, 4, 'Noto Sans', 'Sans Serif', 'Humanist', 'https://via.placeholder.com/400/741/fff/?text=Noto Sans', 'Pariatur non id est aliquip duis aute voluptate duis duis.', 3),
(16, 8, 'Arial', 'Sans Serif', 'Neo-Grotesque', 'https://via.placeholder.com/400/863/fff/?text=Arial', 'Aute quis laborum consectetur eiusmod anim et consectetur ullamco.', 4),
(17, 4, 'Raleway', 'Sans Serif', 'Neo-Grotesque', 'https://via.placeholder.com/400/808/fff/?text=Raleway', 'Ullamco Lorem occaecat sit et anim voluptate sit cupidatat ullamco enim et pariatur Lorem minim.', 5),
(18, 10, 'Sabon', 'Serif', 'Old-Style', 'https://via.placeholder.com/400/869/fff/?text=Sabon', 'Id officia reprehenderit proident ut eu consequat.', 3),
(19, 7, 'Gibson', 'Sans Serif', 'Humanist', 'https://via.placeholder.com/400/998/fff/?text=Gibson', 'Et deserunt est irure consectetur excepteur labore reprehenderit.', 5),
(20, 7, 'Proxima Nova', 'Sans Serif', 'Geometric', 'https://via.placeholder.com/400/849/fff/?text=Proxima Nova', 'Officia veniam exercitation ex do nisi sunt in culpa excepteur pariatur qui in.', 3),
(21, 10, 'Frutiger', 'Sans Serif', 'Humanist', 'https://via.placeholder.com/400/791/fff/?text=Frutiger', 'Occaecat do exercitation sint laborum pariatur non eiusmod.', 5),
(22, 3, 'Univers', 'Sans Serif', 'Neo-Grotesque', 'https://via.placeholder.com/400/855/fff/?text=Univers', 'Dolor id laboris officia in exercitation et enim irure.', 1),
(23, 7, 'Adelle', 'Serif', 'Slab Serif', 'https://via.placeholder.com/400/842/fff/?text=Adelle', 'Adipisicing qui excepteur aute ad.', 1),
(24, 3, 'Verdana', 'Sans Serif', 'Humanist', 'https://via.placeholder.com/400/773/fff/?text=Verdana', 'Pariatur officia cupidatat occaecat cillum duis.', 4),
(25, 2, 'Calibri', 'Sans Serif', 'Humanist', 'https://via.placeholder.com/400/994/fff/?text=Calibri', 'Qui aliqua excepteur quis aute labore non anim nostrud officia.', 1),
(26, 8, 'Minion', 'Serif', 'Old-Style', 'https://via.placeholder.com/400/708/fff/?text=Minion', 'Ut quis anim veniam duis enim occaecat.', 1),
(27, 6, 'Univers', 'Sans Serif', 'Neo-Grotesque', 'https://via.placeholder.com/400/815/fff/?text=Univers', 'Fugiat duis reprehenderit labore elit Lorem fugiat dolore eiusmod.', 2),
(28, 6, 'Interstate', 'Sans Serif', 'Neo-Grotesque', 'https://via.placeholder.com/400/966/fff/?text=Interstate', 'Fugiat dolor aliquip sit est ut.', 5),
(29, 5, 'Roboto', 'Sans Serif', 'Neo-Grotesque', 'https://via.placeholder.com/400/903/fff/?text=Roboto', 'Non ut nisi quis nostrud cupidatat magna et ad minim.', 4),
(30, 9, 'Meta', 'Sans Serif', 'Humanist', 'https://via.placeholder.com/400/718/fff/?text=Meta', 'Incididunt irure consectetur esse proident ex culpa excepteur laboris laboris in nisi voluptate.', 2),
(31, 1, 'Goudy', 'Serif', 'Old-Style', 'https://via.placeholder.com/400/973/fff/?text=Goudy', 'Irure sunt adipisicing eiusmod est minim quis sit voluptate.', 3),
(32, 4, 'Verdana', 'Sans Serif', 'Humanist', 'https://via.placeholder.com/400/891/fff/?text=Verdana', 'In ex pariatur in commodo veniam.', 4),
(33, 4, 'Adelle', 'Serif', 'Slab Serif', 'https://via.placeholder.com/400/715/fff/?text=Adelle', 'Dolore elit culpa magna fugiat in elit minim ad esse dolor do in.', 2),
(34, 9, 'Avant Garde', 'Sans Serif', 'Geometric', 'https://via.placeholder.com/400/884/fff/?text=Avant Garde', 'Ad excepteur ad ex amet amet mollit sit cillum elit aliqua ex.', 5),
(35, 10, 'Univers', 'Sans Serif', 'Neo-Grotesque', 'https://via.placeholder.com/400/739/fff/?text=Univers', 'Ullamco elit ipsum nulla proident Lorem veniam ipsum officia reprehenderit cupidatat id voluptate incididunt.', 4),
(36, 6, 'Gibson', 'Sans Serif', 'Humanist', 'https://via.placeholder.com/400/729/fff/?text=Gibson', 'Mollit adipisicing non anim dolore elit laborum.', 3),
(37, 9, 'Montserrat', 'Sans Serif', 'Geometric', 'https://via.placeholder.com/400/730/fff/?text=Montserrat', 'Dolor veniam aute ullamco aliqua occaecat est sit.', 5),
(38, 6, 'Roboto', 'Sans Serif', 'Neo-Grotesque', 'https://via.placeholder.com/400/891/fff/?text=Roboto', 'Qui et occaecat fugiat voluptate commodo mollit ea et voluptate sit amet.', 2),
(39, 9, 'Frutiger', 'Sans Serif', 'Humanist', 'https://via.placeholder.com/400/875/fff/?text=Frutiger', 'Pariatur in eu aliqua consequat.', 4),
(40, 10, 'Gill Sans', 'Sans Serif', 'Humanist', 'https://via.placeholder.com/400/778/fff/?text=Gill Sans', 'Fugiat ex aute esse laborum deserunt tempor ad duis aliquip velit exercitation mollit amet.', 2),
(41, 1, 'Georgia', 'Serif', 'Transitional', 'https://via.placeholder.com/400/790/fff/?text=Georgia', 'Enim esse minim magna elit.', 5),
(42, 2, 'Roboto', 'Sans Serif', 'Neo-Grotesque', 'https://via.placeholder.com/400/722/fff/?text=Roboto', 'Aliquip fugiat anim anim et qui incididunt occaecat fugiat amet eiusmod nisi anim officia.', 2),
(43, 1, 'Verdana', 'Sans Serif', 'Humanist', 'https://via.placeholder.com/400/747/fff/?text=Verdana', 'Non irure Lorem aliqua proident Lorem sint.', 4),
(44, 5, 'Baskerville', 'Serif', 'Transitional', 'https://via.placeholder.com/400/965/fff/?text=Baskerville', 'Irure eiusmod excepteur dolore ex dolor labore cillum proident adipisicing officia ut.', 3),
(45, 9, 'Hoefler', 'Serif', 'Old-Style', 'https://via.placeholder.com/400/854/fff/?text=Hoefler', 'Qui in incididunt do sit consectetur occaecat voluptate ipsum sint.', 2),
(46, 4, 'Avenir', 'Sans Serif', 'Geometric', 'https://via.placeholder.com/400/733/fff/?text=Avenir', 'Eu esse quis cillum laboris cillum cillum aute occaecat minim adipisicing quis.', 3),
(47, 5, 'Roboto', 'Sans Serif', 'Neo-Grotesque', 'https://via.placeholder.com/400/795/fff/?text=Roboto', 'Ullamco fugiat quis proident ut Lorem qui esse minim deserunt exercitation esse officia est.', 5),
(48, 2, 'Roboto', 'Sans Serif', 'Neo-Grotesque', 'https://via.placeholder.com/400/785/fff/?text=Roboto', 'Deserunt consequat labore tempor excepteur enim amet sint do id pariatur voluptate minim ex laborum.', 1),
(49, 3, 'Neutra Text', 'Sans Serif', 'Geometric', 'https://via.placeholder.com/400/835/fff/?text=Neutra Text', 'Incididunt ipsum ea ex commodo enim quis commodo proident ullamco sint cillum dolore.', 3),
(50, 9, 'Sabon', 'Serif', 'Old-Style', 'https://via.placeholder.com/400/958/fff/?text=Sabon', 'Deserunt anim deserunt excepteur sint.', 5);

-- --------------------------------------------------------

--
-- Table structure for table `track_users`
--

CREATE TABLE `track_users` (
  `id` int(11) NOT NULL,
  `name` varchar(64) NOT NULL,
  `username` varchar(64) NOT NULL,
  `email` varchar(128) NOT NULL,
  `password` varchar(32) NOT NULL,
  `phone` varchar(15) NOT NULL,
  `img` varchar(256) NOT NULL,
  `occupation` varchar(64) NOT NULL
) ENGINE=MyISAM DEFAULT CHARSET=latin1;

--
-- Dumping data for table `track_users`
--

INSERT INTO `track_users` (`id`, `name`, `username`, `email`, `password`, `phone`, `img`, `occupation`) VALUES
(1, 'Patel Singleton', 'user1', 'user1@gmail.com', '1a1dc91c907325c69271ddf0c944bc72', '(908) 564-3177', 'https://via.placeholder.com/400/900/fff/?text=user1', 'Product Designer'),
(2, 'Mckenzie Knowles', 'user2', 'user2@gmail.com', '1a1dc91c907325c69271ddf0c944bc72', '(890) 496-2198', 'https://via.placeholder.com/400/723/fff/?text=user2', 'Game Designer'),
(3, 'Debora Sellers', 'user3', 'user3@gmail.com', '1a1dc91c907325c69271ddf0c944bc72', '(998) 436-2731', 'https://via.placeholder.com/400/892/fff/?text=user3', 'Motion Designer'),
(4, 'Kayla Nicholson', 'user4', 'user4@gmail.com', '1a1dc91c907325c69271ddf0c944bc72', '(833) 573-3252', 'https://via.placeholder.com/400/776/fff/?text=user4', 'Game Designer'),
(5, 'Leslie Vasquez', 'user5', 'user5@gmail.com', '1a1dc91c907325c69271ddf0c944bc72', '(962) 415-2648', 'https://via.placeholder.com/400/864/fff/?text=user5', 'Photographer'),
(6, 'Madden Blackburn', 'user6', 'user6@gmail.com', '1a1dc91c907325c69271ddf0c944bc72', '(862) 588-3215', 'https://via.placeholder.com/400/832/fff/?text=user6', 'Interior Designer'),
(7, 'Cervantes Lancaster', 'user7', 'user7@gmail.com', '1a1dc91c907325c69271ddf0c944bc72', '(990) 472-2621', 'https://via.placeholder.com/400/898/fff/?text=user7', 'UX Designer'),
(8, 'Washington Jimenez', 'user8', 'user8@gmail.com', '1a1dc91c907325c69271ddf0c944bc72', '(978) 429-3731', 'https://via.placeholder.com/400/919/fff/?text=user8', 'Motion Designer'),
(9, 'Herman Rollins', 'user9', 'user9@gmail.com', '1a1dc91c907325c69271ddf0c944bc72', '(943) 495-3242', 'https://via.placeholder.com/400/761/fff/?text=user9', 'Product Designer'),
(10, 'Ella Fields', 'user10', 'user10@gmail.com', '1a1dc91c907325c69271ddf0c944bc72', '(961) 463-2713', 'https://via.placeholder.com/400/750/fff/?text=user10', 'Freelancer');

--
-- Indexes for dumped tables
--

--
-- Indexes for table `track_locations`
--
ALTER TABLE `track_locations`
  ADD PRIMARY KEY (`id`);

--
-- Indexes for table `track_types`
--
ALTER TABLE `track_types`
  ADD PRIMARY KEY (`id`);

--
-- Indexes for table `track_users`
--
ALTER TABLE `track_users`
  ADD PRIMARY KEY (`id`);

--
-- AUTO_INCREMENT for dumped tables
--

--
-- AUTO_INCREMENT for table `track_locations`
--
ALTER TABLE `track_locations`
  MODIFY `id` int(11) NOT NULL AUTO_INCREMENT, AUTO_INCREMENT=251;

--
-- AUTO_INCREMENT for table `track_types`
--
ALTER TABLE `track_types`
  MODIFY `id` int(11) NOT NULL AUTO_INCREMENT, AUTO_INCREMENT=51;

--
-- AUTO_INCREMENT for table `track_users`
--
ALTER TABLE `track_users`
  MODIFY `id` int(11) NOT NULL AUTO_INCREMENT, AUTO_INCREMENT=11;
COMMIT;

/*!40101 SET CHARACTER_SET_CLIENT=@OLD_CHARACTER_SET_CLIENT */;
/*!40101 SET CHARACTER_SET_RESULTS=@OLD_CHARACTER_SET_RESULTS */;
/*!40101 SET COLLATION_CONNECTION=@OLD_COLLATION_CONNECTION */;
